site_name,site_id,cammlr_region,longitude_epsg_4326,latitude_epsg_4326,common_name,day,month,year,season_starting,penguin_count,accuracy,count_type,vantage,reference
Acuna Island,ACUN,48.2,-44.636999999999986,-60.76119999999889,ad{\'e}lie penguin,25,2,2011,2010,3079,5,nests,vhr,<strong>Lynch  H. J. and M. A. LaRue  </strong><i> 2014</i>. First global census of the Ad&#233;lie Penguin. The Auk 131:457-466.
Adams Island,ADAM,58.4.1,92.54859999999996,-66.5458999999998,ad{\'e}lie penguin,21,1,2011,2010,425,1,adults,aerial photo,<strong>Southwell  C. and L. Emmerson  </strong><i> 2013</i>. First population counts at newly discovered Ad&#233;lie penguin <i>Pygoscelis adeliae</i> breeding sites along the Wilhelm II  Queen Mary and Wilkes Land coastlines  East Antarctica. Marine Ornithology 41:87-89.
Cape Adare,ADAR,88.1,170.19989999999996,-71.30629999999995,ad{\'e}lie penguin,,12,2013,2013,428516,2,nests,aerial,<strong>Lyver  P. O.  </strong><i> ???? </i> Ad&#233;lie census data. dataset.
Akarui Point,AKAR,58.4.2,41.39009999999998,-68.4998999999999,ad{\'e}lie penguin,11,2,2011,2010,106,5,nests,vhr,<strong>Lynch  H. J. and M. A. LaRue  </strong><i> 2014</i>. First global census of the Ad&#233;lie Penguin. The Auk 131:457-466.
Alasheyev Bight,ALAS,58.4.2,46.108999999999995,-67.65399999999987,ad{\'e}lie penguin,25,3,2009,2008,1080,5,nests,vhr,<strong>Lynch  H. J. and M. A. LaRue  </strong><i> 2014</i>. First global census of the Ad&#233;lie Penguin. The Auk 131:457-466.
Ambush Bay,AMBU,48.1,-55.39299999999999,-63.18399999999944,ad{\'e}lie penguin,12,1,2011,2010,17621,5,nests,vhr,<strong>Lynch  H. J. and M. A. LaRue  </strong><i> 2014</i>. First global census of the Ad&#233;lie Penguin. The Auk 131:457-466.
Amphibolite Point,AMPH,48.2,-45.33899999999999,-60.683999999998875,ad{\'e}lie penguin,25,2,2011,2010,7660,5,nests,vhr,<strong>Lynch  H. J. and M. A. LaRue  </strong><i> 2014</i>. First global census of the Ad&#233;lie Penguin. The Auk 131:457-466.
Anchorage Island,ANCH,48.1,-68.20889999999997,-67.60419999999986,ad{\'e}lie penguin,,,2016,2016,0,1,nests,ground,<strong>Phillips  R. and H. J. Lynch  </strong><i> ???? </i> Personal communication between Richard Phillips and Heather Lynch. personal communication.
Andresen Island Site 2,ANDI,48.1,-66.71099999999998,-66.87499999999982,ad{\'e}lie penguin,22,1,2016,2015,495,1,chicks,ground,<strong>Lynch  H. J.  </strong><i> ????a</i>. Antarctic Site Inventory. dataset.
Andresen Island Site 1,ANDR,48.1,-66.64899999999999,-66.87899999999983,ad{\'e}lie penguin,22,1,2016,2015,1433,2,chicks,ground,<strong>Lynch  H. J.  </strong><i> ????a</i>. Antarctic Site Inventory. dataset.
Andersen Island,ANDS,58.4.2,63.357199999999985,-67.43529999999986,ad{\'e}lie penguin,23,11,2005,2005,5000,5,nests,ground,<strong>Low  M.  L. Meyer  and C. Southwell  </strong><i> 2007</i>. Number and distribution of Ad&#233;lie penguin (<i>Pygoscelis adeliae</i>) breeding sites in the Robinson Group of islands  Mac.Robertson Land coast  east Antarctica. Polar Record 43:225-229.
Cape Anne,ANNE,88.1,169.84999999999997,-73.61699999999999,ad{\'e}lie penguin,,12,2013,2013,522,2,nests,aerial,<strong>Lyver  P. O.  </strong><i> ???? </i> Ad&#233;lie census data. dataset.
Ardley Island,ARDL,48.1,-58.932999999999986,-62.21299999999926,ad{\'e}lie penguin,11,1,2018,2017,338,1,chicks,ground,<strong>Lynch  H. J.  </strong><i> ????a</i>. Antarctic Site Inventory. dataset.
Armstrong Reef,ARMS,48.1,-66.21169999999998,-65.89189999999977,ad{\'e}lie penguin,8,1,2013,2012,2813,1,chicks,ground,<strong>Casanovas  P.  R. Naveen  S. Forrest  J. Poncet  and H. J. Lynch  </strong><i> 2015</i>. A comprehensive coastal seabird survey maps out the front lines of ecological change on the western Antarctic Peninsula. Polar Biology 38:927-940.
Arthurson Ridge,ARTH,88.1,158.51089999999994,-69.36339999999991,ad{\'e}lie penguin,8,3,2012,2011,14461,5,nests,vhr,<strong>Lynch  H. J. and M. A. LaRue  </strong><i> 2014</i>. First global census of the Ad&#233;lie Penguin. The Auk 131:457-466.
Auster Islands,AUST,58.4.2,63.97999999999999,-67.38999999999986,ad{\'e}lie penguin,28,12,2006,2006,2082,5,nests,vhr,<strong>Lynch  H. J. and M. A. LaRue  </strong><i> 2014</i>. First global census of the Ad&#233;lie Penguin. The Auk 131:457-466.
Avian Island,AVIA,48.1,-68.88549999999998,-67.77319999999987,ad{\'e}lie penguin,14,1,2013,2012,47146,1,chicks,ground,<strong>Casanovas  P.  R. Naveen  S. Forrest  J. Poncet  and H. J. Lynch  </strong><i> 2015</i>. A comprehensive coastal seabird survey maps out the front lines of ecological change on the western Antarctic Peninsula. Polar Biology 38:927-940.
Backer Islands,BACK,88.3,-102.55149999999999,-74.41119999999997,ad{\'e}lie penguin,6,2,2011,2010,465,5,nests,vhr,<strong>Lynch  H. J. and M. A. LaRue  </strong><i> 2014</i>. First global census of the Ad&#233;lie Penguin. The Auk 131:457-466.
Balaena Islands,BALA,58.4.1,111.06879999999998,-66.01579999999977,ad{\'e}lie penguin,2,11,2011,2011,160,5,nests,vhr,<strong>Lynch  H. J. and M. A. LaRue  </strong><i> 2014</i>. First global census of the Ad&#233;lie Penguin. The Auk 131:457-466.
Barcroft Islands,BARC,48.1,-67.13969999999999,-66.45749999999981,ad{\'e}lie penguin,10,1,2013,2012,211,1,nests,ground,<strong>Casanovas  P.  R. Naveen  S. Forrest  J. Poncet  and H. J. Lynch  </strong><i> 2015</i>. A comprehensive coastal seabird survey maps out the front lines of ecological change on the western Antarctic Peninsula. Polar Biology 38:927-940.
Cape Batterbee,BATT,58.4.2,53.81289999999999,-65.84199999999976,ad{\'e}lie penguin,3,2,2011,2010,30746,5,nests,vhr,<strong>Lynch  H. J. and M. A. LaRue  </strong><i> 2014</i>. First global census of the Ad&#233;lie Penguin. The Auk 131:457-466.
Beagle Island,BEAG,48.1,-54.66749999999999,-63.41389999999948,ad{\'e}lie penguin,15,12,2015,2015,284535,2,nests,uav,<strong>Borowicz  A.  P. McDowall  C. Youngflesh  T. Sayre-McCord  G. Clucas  R. Herman  S. Forrest  M. Rider  M. Schwaller  T. Hart  S. Jenouvrier  M. Polito  H. Singh  and H. J. Lynch  </strong><i>2018</i>. Multi-modal survey of Ad&#233;lie penguin mega-colonies reveals the Danger Islands as a seabird hotspot. Scientific Reports 8:3926.
Beaufort Island North,BEAN,88.1,166.88099999999997,-76.92879999999998,ad{\'e}lie penguin,,12,2013,2013,989,2,nests,aerial,<strong>Lyver  P. O.  </strong><i> ???? </i> Ad&#233;lie census data. dataset.
Beaufort Island,BEAU,88.1,166.89779999999996,-76.96939999999996,ad{\'e}lie penguin,,12,2013,2013,70468,2,nests,aerial,<strong>Lyver  P. O.  </strong><i> ???? </i> Ad&#233;lie census data. dataset.
Bechervaise Island,BECH,58.4.2,62.81669999999999,-67.58329999999985,ad{\'e}lie penguin,,,2001,2001,2207,1,nests,ground,<strong>Clarke  J.  L. Emmerson  A. Townsend  and K. R. Kerry </strong><i> 2003</i>. Demographic characteristics of the Ad&#233;lie penguin population on B&#233;chervaise Island after 12 years of study. CCAMLR Science 10: 53-74.
Benten,BENT,58.4.2,39.24999999999999,-69.04169999999992,ad{\'e}lie penguin,,,2004,2004,23,1,adults,ground,<strong>Kato  A.  and Y. Ropert-Coudert </strong><i> 2006</i>. Rapid increase in Ad&#233;lie penguin populations in the L&#252tzow-Holm Bay area since the mid 1990s.  Polar Bioscience 20: 55-62.
Berkley/Cameron,BERK,58.4.1,110.63999999999997,-66.21629999999979,ad{\'e}lie penguin,30,1,2011,2010,13423,5,nests,vhr,<strong>Lynch  H. J. and M. A. LaRue  </strong><i> 2014</i>. First global census of the Ad&#233;lie Penguin. The Auk 131:457-466.
Berthelot Islands (excl. Green Island),BERT,48.1,-64.11199999999998,-65.3329999999997,ad{\'e}lie penguin,6,1,2013,2012,313,1,nests,ground,<strong>Casanovas  P.  R. Naveen  S. Forrest  J. Poncet  and H. J. Lynch  </strong><i> 2015</i>. A comprehensive coastal seabird survey maps out the front lines of ecological change on the western Antarctic Peninsula. Polar Biology 38:927-940.
Cape Bienvenue,BIEN,58.4.1,140.52519999999998,-66.72029999999981,ad{\'e}lie penguin,16,2,2011,2010,35466,5,nests,vhr,<strong>Lynch  H. J. and M. A. LaRue  </strong><i> 2014</i>. First global census of the Ad&#233;lie Penguin. The Auk 131:457-466.
Biscoe Point,BISC,48.1,-63.77749999999999,-64.81139999999965,ad{\'e}lie penguin,,,2012,2012,522,1,nests,ground,<strong>(ATCM) ANTARCTIC TREATY CONSULTATIVE MEETING  </strong><i> 2014a</i>. Management plan for Antarctic Specially Protected Area No. 139: Biscoe Point  Anvers Island  Palmer Archipelago. Measure 6  Final Report of the Thirty-seventh Antarctic Treaty Consultative Meeting  Brasilia  Brasil.
Bolingen/Lichen Island,BOLI,58.4.2,75.74739999999997,-69.45599999999992,ad{\'e}lie penguin,15,12,1981,1981,465,1,nests,aerial,<strong>Whitehead  M. D. and G. W. Johnstone  </strong><i> 1990</i>. The distribution and estimated abundance of Ad&#233;lie penguins breeding in Prydz Bay  Antarctica. In M. Fukuchi  Y. Ino  Y. Naito  Y. Ohyama  and M. Takahashi  editors  Proceedings of the NIPR Symposium on Polar Biology  volume 3  pages 91-98  Tokyo  Japan. National Institute of Polar Research.
Bongrain Point (Pourquoi Pas Island),BONG,48.1,-67.73189999999998,-67.72329999999987,ad{\'e}lie penguin,11,1,2013,2012,2284,1,nests,ground,<strong>Casanovas  P.  R. Naveen  S. Forrest  J. Poncet  and H. J. Lynch  </strong><i> 2015</i>. A comprehensive coastal seabird survey maps out the front lines of ecological change on the western Antarctic Peninsula. Polar Biology 38:927-940.
Cape Bowles,BOWL,48.1,-54.09099999999999,-61.31599999999906,ad{\'e}lie penguin,12,12,2006,2006,395,5,nests,vhr,<strong>Lynch  H. J. and M. A. LaRue  </strong><i> 2014</i>. First global census of the Ad&#233;lie Penguin. The Auk 131:457-466.
Brash Island,BRAS,48.1,-54.914166999999985,-63.386388999999475,ad{\'e}lie penguin,17,12,2015,2015,94951,2,nests,uav,<strong>Borowicz  A.  P. McDowall  C. Youngflesh  T. Sayre-McCord  G. Clucas  R. Herman  S. Forrest  M. Rider  M. Schwaller  T. Hart  S. Jenouvrier  M. Polito  H. Singh  and H. J. Lynch  </strong><i>2018</i>. Multi-modal survey of Ad&#233;lie penguin mega-colonies reveals the Danger Islands as a seabird hotspot. Scientific Reports 8:3926.
Brattstrand Bluff,BRAT,58.4.2,76.99949999999998,-69.21569999999993,ad{\'e}lie penguin,15,12,1981,1981,5259,1,nests,aerial,<strong>Whitehead  M. D. and G. W. Johnstone  </strong><i> 1990</i>. The distribution and estimated abundance of Ad&#233;lie penguins breeding in Prydz Bay  Antarctica. In M. Fukuchi  Y. Ino  Y. Naito  Y. Ohyama  and M. Takahashi  editors  Proceedings of the NIPR Symposium on Polar Biology  volume 3  pages 91-98  Tokyo  Japan. National Institute of Polar Research.
Cape Bird Middle,BRDM,88.1,166.41869999999997,-77.23039299999999,ad{\'e}lie penguin,,12,2013,2013,4343,2,nests,aerial,<strong>Lyver  P. O.  </strong><i> ???? </i> Ad&#233;lie census data. dataset.
Cape Bird North,BRDN,88.1,166.44588999999993,-77.21448299999997,ad{\'e}lie penguin,,12,2013,2013,45572,2,nests,aerial,<strong>Lyver  P. O.  </strong><i> ???? </i> Ad&#233;lie census data. dataset.
Cape Bird South,BRDS,88.1,166.37944399999998,-77.25944399999999,ad{\'e}lie penguin,,12,2013,2013,16764,2,nests,aerial,<strong>Lyver  P. O.  </strong><i> ???? </i> Ad&#233;lie census data. dataset.
Brown Bluff,BROW,48.1,-56.904999999999994,-63.52219999999949,ad{\'e}lie penguin,10,1,2013,2012,18630,3,adults,ground,<strong>Lynch  H. J.  R. Naveen  and P. Casanovas  </strong><i> 2013</i>. Antarctic Site Inventory breeding bird survey data  1994-2013: Ecological Archives E094-243. Ecology 94:2653-2653.
Brownson Islands,BSON,88.3,-103.63607399999998,-74.16811899999999,ad{\'e}lie penguin,19,12,2011,2011,15962,5,nests,vhr,<strong>Lynch  H. J. and M. A. LaRue  </strong><i> 2014</i>. First global census of the Ad&#233;lie Penguin. The Auk 131:457-466.
Buckle Island,BUCK,88.1,163.28709999999995,-66.89079999999981,ad{\'e}lie penguin,6,12,2010,2010,277,5,nests,vhr,<strong>Lynch  H. J. and M. A. LaRue  </strong><i> 2014</i>. First global census of the Ad&#233;lie Penguin. The Auk 131:457-466.
Cape Burks,BURK,88.2,-136.82958599999998,-74.75046599999997,ad{\'e}lie penguin,26,1,2011,2010,1209,5,nests,vhr,<strong>Lynch  H. J. and M. A. LaRue  </strong><i> 2014</i>. First global census of the Ad&#233;lie Penguin. The Auk 131:457-466.
Cape Barne,CBAR,88.1,166.24161999999995,-77.57801199999997,ad{\'e}lie penguin,20,1,2011,2010,0,1,nests,vhr,<strong>Lynch  H. J. and M. A. LaRue  </strong><i> 2014</i>. First global census of the Ad&#233;lie Penguin. The Auk 131:457-466.
Casey Bay,CBAY,58.4.2,48.6565,-67.37739999999984,ad{\'e}lie penguin,7,2,2011,2010,95,5,nests,vhr,<strong>Lynch  H. J. and M. A. LaRue  </strong><i> 2014</i>. First global census of the Ad&#233;lie Penguin. The Auk 131:457-466.
Cape Davis,CDAV,88.1,163.53329999999997,-66.6499999999998,ad{\'e}lie penguin,,12,2005,2005,559,2,nests,aerial,<strong>Lyver  P. O.  </strong><i> ???? </i> Ad&#233;lie census data. dataset.
Cape Hallett,CHAL,88.1,170.21419999999998,-72.31789999999997,ad{\'e}lie penguin,,12,2013,2013,47169,2,nests,aerial,<strong>Lyver  P. O.  </strong><i> ???? </i> Ad&#233;lie census data. dataset.
Chappel Island,CHAP,58.4.1,110.41929999999998,-66.17719999999979,ad{\'e}lie penguin,1,2,2011,2010,4597,5,nests,vhr,<strong>Lynch  H. J. and M. A. LaRue  </strong><i> 2014</i>. First global census of the Ad&#233;lie Penguin. The Auk 131:457-466.
Charcot Island,CHAR,88.3,-75.40739999999998,-69.76169999999993,ad{\'e}lie penguin,3,2,2011,2010,28,5,nests,vhr,<strong>Lynch  H. J. and M. A. LaRue  </strong><i> 2014</i>. First global census of the Ad&#233;lie Penguin. The Auk 131:457-466.
Chatos Island,CHAT,48.1,-69.15199999999999,-67.65999999999987,ad{\'e}lie penguin,11,1,2013,2012,135,1,nests,ground,<strong>Casanovas  P.  R. Naveen  S. Forrest  J. Poncet  and H. J. Lynch  </strong><i> 2015</i>. A comprehensive coastal seabird survey maps out the front lines of ecological change on the western Antarctic Peninsula. Polar Biology 38:927-940.
Child Rocks Islands 1,CHI1,58.4.2,63.27489999999999,-67.43769999999986,ad{\'e}lie penguin,23,11,2005,2005,500,5,nests,ground,<strong>Low  M.  L. Meyer  and C. Southwell  </strong><i> 2007</i>. Number and distribution of Ad&#233;lie penguin (<i>Pygoscelis adeliae</i>) breeding sites in the Robinson Group of islands  Mac.Robertson Land coast  east Antarctica. Polar Record 43:225-229.
Child Rocks Islands 2,CHI2,58.4.2,63.28239999999999,-67.43799999999986,ad{\'e}lie penguin,23,11,2005,2005,5000,5,nests,ground,<strong>Low  M.  L. Meyer  and C. Southwell  </strong><i> 2007</i>. Number and distribution of Ad&#233;lie penguin (<i>Pygoscelis adeliae</i>) breeding sites in the Robinson Group of islands  Mac.Robertson Land coast  east Antarctica. Polar Record 43:225-229.
Child Rocks Islands 3,CHI3,58.4.2,63.27149999999998,-67.43869999999986,ad{\'e}lie penguin,23,11,2005,2005,500,5,nests,ground,<strong>Low  M.  L. Meyer  and C. Southwell  </strong><i> 2007</i>. Number and distribution of Ad&#233;lie penguin (<i>Pygoscelis adeliae</i>) breeding sites in the Robinson Group of islands  Mac.Robertson Land coast  east Antarctica. Polar Record 43:225-229.
Chick Islands,CHIC,58.4.1,120.99339999999997,-66.79179999999981,ad{\'e}lie penguin,3,2,2011,2010,475,5,nests,vhr,<strong>Lynch  H. J. and M. A. LaRue  </strong><i> 2014</i>. First global census of the Ad&#233;lie Penguin. The Auk 131:457-466.
Chinstrap Islet,CHII,88.1,163.31099999999995,-66.92499999999981,ad{\'e}lie penguin,,12,2005,2005,3092,2,nests,aerial,<strong>Lyver  P. O.  </strong><i> ???? </i> Ad&#233;lie census data. dataset.
Christine Island,CHIS,48.1,-64.02359999999999,-64.79459999999965,ad{\'e}lie penguin,23,1,2004,2003,851,1,chicks,ground,<strong>Fraser  W. R.  </strong><i> ????b</i>. Ad&#233;lie penguin breeding success and chronology studies - relative abundance of one and two chick broods  collected at Palmer Station Antarctica research area  1991 - present. dataset.
Christoffersen Island,CHRI,48.2,-45.03499999999999,-60.727999999998886,ad{\'e}lie penguin,27,12,1983,1983,378,3,chicks,ground,<strong>Poncet  S. and J. Poncet  </strong><i> 1985</i>. A survey of penguin breeding populations at the South Orkey Islands. British Antarctic Survey Bulletin 68:71-81.
Cape Hunter,CHUN,58.4.1,142.34899999999996,-66.96299999999982,ad{\'e}lie penguin,14,3,2010,2009,7709,5,nests,vhr,<strong>Lynch  H. J. and M. A. LaRue  </strong><i> 2014</i>. First global census of the Ad&#233;lie Penguin. The Auk 131:457-466.
Clark Island,CLAR,88.2,-105.19299999999997,-74.05599999999997,ad{\'e}lie penguin,11,1,2012,2011,322,5,nests,vhr,<strong>Lynch  H. J. and M. A. LaRue  </strong><i> 2014</i>. First global census of the Ad&#233;lie Penguin. The Auk 131:457-466.
Coulman Middle,CMID,88.1,169.88539999999995,-73.43719999999998,ad{\'e}lie penguin,,12,2013,2013,9278,2,nests,aerial,<strong>Lyver  P. O.  </strong><i> ???? </i> Ad&#233;lie census data. dataset.
Coulman North,CNOR,88.1,169.84009999999998,-73.38219999999997,ad{\'e}lie penguin,,12,2013,2013,2751,2,nests,aerial,<strong>Lyver  P. O.  </strong><i> ???? </i> Ad&#233;lie census data. dataset.
Cockburn Island,COCK,48.1,-56.841199999999986,-64.2004999999996,ad{\'e}lie penguin,5,2,2011,2010,15721,5,nests,vhr,<strong>Lynch  H. J. and M. A. LaRue  </strong><i> 2014</i>. First global census of the Ad&#233;lie Penguin. The Auk 131:457-466.
Colbeck Archipelago Unnamed 1,COLB,58.4.2,61.06469999999999,-67.34359999999984,ad{\'e}lie penguin,2,2,2011,2010,958,5,nests,vhr,<strong>Lynch  H. J. and M. A. LaRue  </strong><i> 2014</i>. First global census of the Ad&#233;lie Penguin. The Auk 131:457-466.
Cone Island,CONE,48.1,-69.15309999999998,-67.67489999999985,ad{\'e}lie penguin,11,1,2013,2012,3051,1,nests,ground,<strong>Casanovas  P.  R. Naveen  S. Forrest  J. Poncet  and H. J. Lynch  </strong><i> 2015</i>. A comprehensive coastal seabird survey maps out the front lines of ecological change on the western Antarctic Peninsula. Polar Biology 38:927-940.
Conical Island (Aviation Islands),CONI,88.1,158.78329999999994,-69.26669999999991,ad{\'e}lie penguin,,12,1985,1985,128,2,nests,aerial,<strong>Lyver  P. O.  </strong><i> ???? </i> Ad&#233;lie census data. dataset.
Cormorant Island,CORM,48.1,-63.96669999999999,-64.79389999999964,ad{\'e}lie penguin,27,1,2005,2004,227,1,chicks,ground,<strong>Fraser  W. R.  </strong><i> ????b</i>. Ad&#233;lie penguin breeding success and chronology studies - relative abundance of one and two chick broods  collected at Palmer Station Antarctica research area  1991 - present. dataset.
Cape Cornish (NE Buckle),CORN,88.1,163.21389999999997,-66.70309999999982,ad{\'e}lie penguin,,12,2005,2005,401,2,nests,aerial,<strong>Lyver  P. O.  </strong><i> ???? </i> Ad&#233;lie census data. dataset.
Cormorant Point,CORP,48.2,-44.73199999999999,-60.755999999998885,ad{\'e}lie penguin,,,2004,2004,96,1,nests,ground,<strong>Coria  N. R.  D. Montalti  E. F. Rombol&#225;  M. M. Santos  M. I. Garcia Beto&#241;o  and M. A. Ju&#225;res </strong><i> 2011</i>. Birds at Laurie Island  South Orkney Islands  Antarctica: Breeding species and their distribution. Marine Ornithology 39:207-213.
Cape Cotter,COTT,88.1,170.31219999999993,-72.40449999999997,ad{\'e}lie penguin,,12,2013,2013,49198,2,nests,aerial,<strong>Lyver  P. O.  </strong><i> ???? </i> Ad&#233;lie census data. dataset.
Cape Crozier,CROZ,88.1,169.31999999999996,-77.45999999999997,ad{\'e}lie penguin,,12,2013,2013,280787,2,nests,aerial,<strong>Lyver  P. O.  </strong><i> ???? </i> Ad&#233;lie census data. dataset.
Cruzen Island,CRUZ,88.2,-140.32659999999998,-74.73409999999998,ad{\'e}lie penguin,30,1,2011,2010,226,5,nests,vhr,<strong>Lynch  H. J. and M. A. LaRue  </strong><i> 2014</i>. First global census of the Ad&#233;lie Penguin. The Auk 131:457-466.
Coulman South,CSOU,88.1,169.87789999999995,-73.51369999999999,ad{\'e}lie penguin,,12,2013,2013,24947,2,nests,aerial,<strong>Lyver  P. O.  </strong><i> ???? </i> Ad&#233;lie census data. dataset.
Curzon Islands,CURZ,58.4.1,141.56689999999998,-66.76699999999983,ad{\'e}lie penguin,5,2,2011,2010,14694,5,nests,vhr,<strong>Lynch  H. J. and M. A. LaRue  </strong><i> 2014</i>. First global census of the Ad&#233;lie Penguin. The Auk 131:457-466.
Darbel Island,DARB,48.1,-65.90029999999999,-66.38079999999978,ad{\'e}lie penguin,17,1,2013,2012,522,1,chicks,ground,<strong>Casanovas  P.  R. Naveen  S. Forrest  J. Poncet  and H. J. Lynch  </strong><i> 2015</i>. A comprehensive coastal seabird survey maps out the front lines of ecological change on the western Antarctic Peninsula. Polar Biology 38:927-940.
Darwin Island,DARW,48.1,-54.72599999999999,-63.43699999999947,ad{\'e}lie penguin,14,12,2015,2015,5804,1,nests,ground photo,<strong>Borowicz  A.  P. McDowall  C. Youngflesh  T. Sayre-McCord  G. Clucas  R. Herman  S. Forrest  M. Rider  M. Schwaller  T. Hart  S. Jenouvrier  M. Polito  H. Singh  and H. J. Lynch  </strong><i>2018</i>. Multi-modal survey of Ad&#233;lie penguin mega-colonies reveals the Danger Islands as a seabird hotspot. Scientific Reports 8:3926.
Darboux Island,DARX,48.1,-64.21499999999999,-65.40279999999973,ad{\'e}lie penguin,6,1,2013,2012,0,1,nests,ground,<strong>Lynch  H. J.  R. Naveen  and P. Casanovas  </strong><i> 2013</i>. Antarctic Site Inventory breeding bird survey data  1994-2013: Ecological Archives E094-243. Ecology 94:2653-2653.
Davis Island,DAVI,58.4.1,108.44439999999997,-66.66369999999984,ad{\'e}lie penguin,17,2,2011,2010,8418,5,nests,vhr,<strong>Lynch  H. J. and M. A. LaRue  </strong><i> 2014</i>. First global census of the Ad&#233;lie Penguin. The Auk 131:457-466.
Dee Island,DEEI,48.1,-59.78359999999998,-62.4228999999993,ad{\'e}lie penguin,7,12,2010,2010,0,1,nests,ground,<strong>Lynch  H. J.  R. Naveen  and P. Casanovas  </strong><i> 2013</i>. Antarctic Site Inventory breeding bird survey data  1994-2013: Ecological Archives E094-243. Ecology 94:2653-2653.
Cape Denison,DENI,58.4.1,142.66469999999998,-67.00719999999983,ad{\'e}lie penguin,5,2,2011,2010,13834,5,nests,vhr,<strong>Lynch  H. J. and M. A. LaRue  </strong><i> 2014</i>. First global census of the Ad&#233;lie Penguin. The Auk 131:457-466.
Descazes Island,DESC,48.1,-67.33339999999998,-67.33339999999984,ad{\'e}lie penguin,10,1,2013,2012,0,1,nests,ground,<strong>Lynch  H. J.  R. Naveen  and P. Casanovas  </strong><i> 2013</i>. Antarctic Site Inventory breeding bird survey data  1994-2013: Ecological Archives E094-243. Ecology 94:2653-2653.
Detaille Island,DETA,48.1,-66.78669999999998,-66.87079999999983,ad{\'e}lie penguin,25,1,2018,2017,370,1,chicks,ground,<strong>Lynch  H. J.  </strong><i> ????a</i>. Antarctic Site Inventory. dataset.
Devil Island,DEVI,48.1,-57.28889999999998,-63.79919999999953,ad{\'e}lie penguin,21,1,2011,2010,7108,1,chicks,ground,<strong>Lynch  H. J.  R. Naveen  and P. Casanovas  </strong><i> 2013</i>. Antarctic Site Inventory breeding bird survey data  1994-2013: Ecological Archives E094-243. Ecology 94:2653-2653.
Dome Island (Aviation Islands),DOME,88.1,158.78329999999994,-69.26669999999991,ad{\'e}lie penguin,,12,1985,1985,161,2,nests,aerial,<strong>Lyver  P. O.  </strong><i> ???? </i> Ad&#233;lie census data. dataset.
Douglas Islands 1,DOU1,58.4.2,63.38929999999998,-67.38029999999985,ad{\'e}lie penguin,23,11,2005,2005,50,5,nests,ground,<strong>Low  M.  L. Meyer  and C. Southwell  </strong><i> 2007</i>. Number and distribution of Ad&#233;lie penguin (<i>Pygoscelis adeliae</i>) breeding sites in the Robinson Group of islands  Mac.Robertson Land coast  east Antarctica. Polar Record 43:225-229.
Douglas Islands 2,DOU2,58.4.2,63.38949999999998,-67.38489999999986,ad{\'e}lie penguin,23,11,2005,2005,500,5,nests,ground,<strong>Low  M.  L. Meyer  and C. Southwell  </strong><i> 2007</i>. Number and distribution of Ad&#233;lie penguin (<i>Pygoscelis adeliae</i>) breeding sites in the Robinson Group of islands  Mac.Robertson Land coast  east Antarctica. Polar Record 43:225-229.
Downshire Cliffs,DOWN,88.1,170.59199999999998,-71.55819999999997,ad{\'e}lie penguin,,12,2013,2013,35640,2,nests,aerial,<strong>Lyver  P. O.  </strong><i> ???? </i> Ad&#233;lie census data. dataset.
Dream Island,DREA,48.1,-64.22559999999999,-64.72539999999964,ad{\'e}lie penguin,16,1,2008,2007,1887,5,nests,vhr,<strong>Lynch  H. J. and M. A. LaRue  </strong><i> 2014</i>. First global census of the Ad&#233;lie Penguin. The Auk 131:457-466.
Duke of York Island,DUKE,88.1,170.06349999999995,-71.62349999999996,ad{\'e}lie penguin,,12,2013,2013,8548,2,nests,aerial,<strong>Lyver  P. O.  </strong><i> ???? </i> Ad&#233;lie census data. dataset.
Duroch Islands,DURO,48.1,-57.89029999999999,-63.30329999999945,ad{\'e}lie penguin,,,1990,1990,800,4,nests,,<strong>Woehler  E. J.  </strong><i> 1993</i>. The distribution and abundance of Antarctic and Subantarctic penguins. Scientific Committee on Antarctic Research (SCAR)  Cambridge  United Kingdom.
d'Urville Monument,DURV,48.1,-56.294399999999996,-63.42669999999948,ad{\'e}lie penguin,1,1,2017,2016,18415,2,nests,ground,<strong>Lynch  H. J.  </strong><i> ????a</i>. Antarctic Site Inventory. dataset.
Duthoit Point,DUTH,48.1,-58.83499999999999,-62.306999999999285,ad{\'e}lie penguin,6,1,1994,1993,1,1,nests,ground,<strong>Coria  N. R.  M. Favero  M. P. Silva  and R. J. Casaux </strong><i> 1995a</i>. Breeding birds at Duthoit Point  Nelson Island  South Shetland Islands  Antarctica. Marine Ornithology 23:61-64.
Earle Island,EARL,48.1,-54.78329999999999,-63.48329999999949,ad{\'e}lie penguin,14,12,2015,2015,21071,2,nests,uav,<strong>Borowicz  A.  P. McDowall  C. Youngflesh  T. Sayre-McCord  G. Clucas  R. Herman  S. Forrest  M. Rider  M. Schwaller  T. Hart  S. Jenouvrier  M. Polito  H. Singh  and H. J. Lynch  </strong><i>2018</i>. Multi-modal survey of Ad&#233;lie penguin mega-colonies reveals the Danger Islands as a seabird hotspot. Scientific Reports 8:3926.
Eden Rocks,EDEN,48.1,-55.701799999999984,-63.494599999999494,ad{\'e}lie penguin,19,2,2011,2010,45374,5,nests,vhr,<strong>Lynch  H. J. and M. A. LaRue  </strong><i> 2014</i>. First global census of the Ad&#233;lie Penguin. The Auk 131:457-466.
Edmonson Point,EDMO,88.1,165.06659999999997,-74.31669999999998,ad{\'e}lie penguin,,12,2013,2013,2698,2,nests,aerial,<strong>Lyver  P. O.  </strong><i> ???? </i> Ad&#233;lie census data. dataset.
Edwards Islands,EDWI,88.3,-103.00569999999999,-73.87009999999998,ad{\'e}lie penguin,12,1,2010,2009,58058,5,nests,vhr,<strong>Lynch  H. J. and M. A. LaRue  </strong><i> 2014</i>. First global census of the Ad&#233;lie Penguin. The Auk 131:457-466.
Emperor Island,EMPE,48.1,-68.70999999999998,-67.86469999999987,ad{\'e}lie penguin,14,1,2013,2012,1420,1,chicks,ground,<strong>Casanovas  P.  R. Naveen  S. Forrest  J. Poncet  and H. J. Lynch  </strong><i> 2015</i>. A comprehensive coastal seabird survey maps out the front lines of ecological change on the western Antarctic Peninsula. Polar Biology 38:927-940.
Etna Island,ETNA,48.1,-55.178999999999995,-63.09479999999943,ad{\'e}lie penguin,22,1,2011,2010,226,5,nests,vhr,<strong>Lynch  H. J. and M. A. LaRue  </strong><i> 2014</i>. First global census of the Ad&#233;lie Penguin. The Auk 131:457-466.
Cape Evensen (mainland),EVEN,48.1,-65.68299999999999,-66.16399999999977,ad{\'e}lie penguin,17,1,2013,2012,163,1,nests,ground,<strong>Casanovas  P.  R. Naveen  S. Forrest  J. Poncet  and H. J. Lynch  </strong><i> 2015</i>. A comprehensive coastal seabird survey maps out the front lines of ecological change on the western Antarctic Peninsula. Polar Biology 38:927-940.
Cape Evensen (offshore rocks),EVER,48.1,-65.72045399999999,-66.15790399999977,ad{\'e}lie penguin,17,1,2013,2012,223,1,chicks,ground,<strong>Casanovas  P.  R. Naveen  S. Forrest  J. Poncet  and H. J. Lynch  </strong><i> 2015</i>. A comprehensive coastal seabird survey maps out the front lines of ecological change on the western Antarctic Peninsula. Polar Biology 38:927-940.
Fortenberry,FBER,88.1,167.07889999999998,-70.76619999999994,ad{\'e}lie penguin,4,12,2011,2011,342,5,nests,vhr,<strong>Lynch  H. J. and M. A. LaRue  </strong><i> 2014</i>. First global census of the Ad&#233;lie Penguin. The Auk 131:457-466.
Ferrier Peninsula,FERR,48.2,-44.42499999999998,-60.71499999999888,ad{\'e}lie penguin,,,2004,2004,35858,3,nests,ground,<strong>Coria  N. R.  D. Montalti  E. F. Rombol&#225;  M. M. Santos  M. I. Garcia Beto&#241;o  and M. A. Ju&#225;res </strong><i> 2011</i>. Birds at Laurie Island  South Orkney Islands  Antarctica: Breeding species and their distribution. Marine Ornithology 39:207-213.
Fish Islands,FISH,48.1,-65.36109999999998,-66.02749999999978,ad{\'e}lie penguin,18,1,2013,2012,1608,1,chicks,ground,<strong>Casanovas  P.  R. Naveen  S. Forrest  J. Poncet  and H. J. Lynch  </strong><i> 2015</i>. A comprehensive coastal seabird survey maps out the front lines of ecological change on the western Antarctic Peninsula. Polar Biology 38:927-940.
Fitchie Bay,FITC,48.2,-44.493999999999986,-60.71399999999888,ad{\'e}lie penguin,,,2004,2004,0,1,nests,ground,<strong>Coria  N. R.  D. Montalti  E. F. Rombol&#225;  M. M. Santos  M. I. Garcia Beto&#241;o  and M. A. Ju&#225;res </strong><i> 2011</i>. Birds at Laurie Island  South Orkney Islands  Antarctica: Breeding species and their distribution. Marine Ornithology 39:207-213.
Fizkin Island (islet northeast of Fizkin Island),FIZK,48.1,-65.47999999999999,-65.51399999999971,ad{\'e}lie penguin,7,1,2013,2012,113,1,nests,ground,<strong>Casanovas  P.  R. Naveen  S. Forrest  J. Poncet  and H. J. Lynch  </strong><i> 2015</i>. A comprehensive coastal seabird survey maps out the front lines of ecological change on the western Antarctic Peninsula. Polar Biology 38:927-940.
Fliess Bay,FLIE,48.1,-55.24119999999999,-63.204499999999456,ad{\'e}lie penguin,22,1,2011,2010,77,5,nests,vhr,<strong>Lynch  H. J. and M. A. LaRue  </strong><i> 2014</i>. First global census of the Ad&#233;lie Penguin. The Auk 131:457-466.
Forbes Glacier,FORB,58.4.2,62.28579999999999,-67.59639999999986,ad{\'e}lie penguin,11,2,2011,2010,1028,5,nests,vhr,<strong>Lynch  H. J. and M. A. LaRue  </strong><i> 2014</i>. First global census of the Ad&#233;lie Penguin. The Auk 131:457-466.
Franklin Island East,FRAE,88.1,168.41009999999994,-76.15809999999998,ad{\'e}lie penguin,,12,2010,2010,991,2,nests,aerial,<strong>Lyver  P. O.  </strong><i> ???? </i> Ad&#233;lie census data. dataset.
Fram Islands,FRAM,58.4.1,139.82499999999993,-66.6369999999998,ad{\'e}lie penguin,15,2,2011,2010,878,5,nests,vhr,<strong>Lynch  H. J. and M. A. LaRue  </strong><i> 2014</i>. First global census of the Ad&#233;lie Penguin. The Auk 131:457-466.
Franklin Island West,FRAW,88.1,168.33829999999998,-76.16179999999999,ad{\'e}lie penguin,16,2,2011,2010,41339,5,nests,vhr,<strong>Lynch  H. J. and M. A. LaRue  </strong><i> 2014</i>. First global census of the Ad&#233;lie Penguin. The Auk 131:457-466.
Gerd Island,GERD,48.2,-45.74369999999998,-60.65739999999886,ad{\'e}lie penguin,17,2,2011,2010,1086,5,nests,vhr,<strong>Lynch  H. J. and M. A. LaRue  </strong><i> 2014</i>. First global census of the Ad&#233;lie Penguin. The Auk 131:457-466.
Gerlache Island,GERL,48.1,-64.21399999999998,-64.60099999999964,ad{\'e}lie penguin,2,1,1985,1984,171,1,nests,ground,<strong>Parmalee  D. F. and C. C. Rimmer  </strong><i> 1987</i>. Revised penguin numbers and distributions for Anvers Island  Antarctica. British Antarctic Survey Bulletin 76:65-73.
Ginger Island,GING,48.1,-68.68579999999999,-67.74939999999987,ad{\'e}lie penguin,11,1,2013,2012,3335,1,chicks,ground,<strong>Casanovas  P.  R. Naveen  S. Forrest  J. Poncet  and H. J. Lynch  </strong><i> 2015</i>. A comprehensive coastal seabird survey maps out the front lines of ecological change on the western Antarctic Peninsula. Polar Biology 38:927-940.
Gibbney Island,GNEY,58.4.2,62.320499999999996,-67.55429999999986,ad{\'e}lie penguin,11,2,2011,2010,12246,5,nests,vhr,<strong>Lynch  H. J. and M. A. LaRue  </strong><i> 2014</i>. First global census of the Ad&#233;lie Penguin. The Auk 131:457-466.
Gourlay Point,GOPT,48.2,-45.58629999999999,-60.73089999999889,ad{\'e}lie penguin,17,2,2011,2010,3926,5,nests,vhr,<strong>Lynch  H. J. and M. A. LaRue  </strong><i> 2014</i>. First global census of the Ad&#233;lie Penguin. The Auk 131:457-466.
Gosling Islands,GOSL,48.2,-45.941999999999986,-60.64199999999885,ad{\'e}lie penguin,4,1,1984,1983,8523,3,chicks,ground,<strong>Poncet  S. and J. Poncet  </strong><i> 1985</i>. A survey of penguin breeding populations at the South Orkey Islands. British Antarctic Survey Bulletin 68:71-81.
Gourdin Island,GOUR,48.1,-57.30739999999998,-63.19689999999946,ad{\'e}lie penguin,2,12,1998,1998,16334,2,nests,ground,<strong>Lynch  H. J.  R. Naveen  and P. Casanovas  </strong><i> 2013</i>. Antarctic Site Inventory breeding bird survey data  1994-2013: Ecological Archives E094-243. Ecology 94:2653-2653.
Graptolite Island,GRAP,48.2,-44.462099999999985,-60.715899999998875,ad{\'e}lie penguin,,,2004,2004,16300,3,nests,ground,<strong>Coria  N. R.  D. Montalti  E. F. Rombol&#225;  M. M. Santos  M. I. Garcia Beto&#241;o  and M. A. Ju&#225;res </strong><i> 2011</i>. Birds at Laurie Island  South Orkney Islands  Antarctica: Breeding species and their distribution. Marine Ornithology 39:207-213.
Green Island,GREI,48.1,-64.14869999999999,-65.32359999999971,ad{\'e}lie penguin,6,1,2013,2012,0,1,nests,ground,<strong>Lynch  H. J.  R. Naveen  and P. Casanovas  </strong><i> 2013</i>. Antarctic Site Inventory breeding bird survey data  1994-2013: Ecological Archives E094-243. Ecology 94:2653-2653.
Hannah Point,HANN,48.1,-60.61339999999999,-62.65449999999935,ad{\'e}lie penguin,12,12,1995,1995,0,1,nests,ground,<strong>Lynch  H. J.  R. Naveen  and P. Casanovas  </strong><i> 2013</i>. Antarctic Site Inventory breeding bird survey data  1994-2013: Ecological Archives E094-243. Ecology 94:2653-2653.
"Cape Hansen, Coronation Island",HANS,48.2,-45.583999999999996,-60.65899999999885,ad{\'e}lie penguin,17,1,2012,2011,5980,5,nests,vhr,<strong>Lynch  H. J. and M. A. LaRue  </strong><i> 2014</i>. First global census of the Ad&#233;lie Penguin. The Auk 131:457-466.
Haswell Island,HASW,58.4.1,93.00999999999998,-66.51999999999978,ad{\'e}lie penguin,18,1,2012,2011,4011,5,nests,vhr,<strong>Lynch  H. J. and M. A. LaRue  </strong><i> 2014</i>. First global census of the Ad&#233;lie Penguin. The Auk 131:457-466.
Harald Bay,HBAY,88.1,157.68939999999998,-69.19769999999991,ad{\'e}lie penguin,7,2,2012,2011,21033,5,nests,vhr,<strong>Lynch  H. J. and M. A. LaRue  </strong><i> 2014</i>. First global census of the Ad&#233;lie Penguin. The Auk 131:457-466.
Henry Islands,HENR,58.4.1,120.62059999999998,-66.87809999999983,ad{\'e}lie penguin,20,11,2009,2009,58,5,nests,vhr,<strong>Lynch  H. J. and M. A. LaRue  </strong><i> 2014</i>. First global census of the Ad&#233;lie Penguin. The Auk 131:457-466.
Heroina Island,HERO,48.1,-54.608299999999986,-63.39439999999947,ad{\'e}lie penguin,9,12,2015,2015,292363,2,nests,uav,<strong>Borowicz  A.  P. McDowall  C. Youngflesh  T. Sayre-McCord  G. Clucas  R. Herman  S. Forrest  M. Rider  M. Schwaller  T. Hart  S. Jenouvrier  M. Polito  H. Singh  and H. J. Lynch  </strong><i>2018</i>. Multi-modal survey of Ad&#233;lie penguin mega-colonies reveals the Danger Islands as a seabird hotspot. Scientific Reports 8:3926.
Cape Hinode,HINO,58.4.2,42.66120000000001,-68.14529999999989,ad{\'e}lie penguin,9,2,2009,2008,360,5,nests,vhr,<strong>Lynch  H. J. and M. A. LaRue  </strong><i> 2014</i>. First global census of the Ad&#233;lie Penguin. The Auk 131:457-466.
Hokuro Cove,HOKU,58.4.2,39.629,-69.21299999999992,ad{\'e}lie penguin,,,2004,2004,400,1,adults,ground,<strong>Kato  A.  and Y. Ropert-Coudert </strong><i> 2006</i>. Rapid increase in Ad&#233;lie penguin populations in the L&#252tzow-Holm Bay area since the mid 1990s.  Polar Bioscience 20: 55-62.
Holdfast Point (mainland and offshore rocks),HOLD,48.1,-66.58669999999998,-66.79169999999984,ad{\'e}lie penguin,17,1,2013,2012,721,1,chicks,ground,<strong>Casanovas  P.  R. Naveen  S. Forrest  J. Poncet  and H. J. Lynch  </strong><i> 2015</i>. A comprehensive coastal seabird survey maps out the front lines of ecological change on the western Antarctic Peninsula. Polar Biology 38:927-940.
Holl/O'Connor,HOLL,58.4.1,110.43149999999997,-66.4117999999998,ad{\'e}lie penguin,30,1,2011,2010,30514,5,nests,vhr,<strong>Lynch  H. J. and M. A. LaRue  </strong><i> 2014</i>. First global census of the Ad&#233;lie Penguin. The Auk 131:457-466.
Hope Bay,HOPE,48.1,-56.99779999999999,-63.39719999999947,ad{\'e}lie penguin,27,10,1985,1985,123850,1,nests,ground,<strong>Myrcha  A.  A. Tatur  and R. d. Valle  </strong><i> 1987</i>. Numbers of Ad&#233;lie penguins breeding at Hope Bay and Seymour Island rookeries (West Antarctica) in 1985. Polish Polar Research 8:411-422.
Humble Island,HUMB,48.1,-64.08749999999999,-64.76469999999965,ad{\'e}lie penguin,10,12,2011,2011,587,1,nests,ground,<strong>Lynch  H. J.  R. Naveen  and P. Casanovas  </strong><i> 2013</i>. Antarctic Site Inventory breeding bird survey data  1994-2013: Ecological Archives E094-243. Ecology 94:2653-2653.
Ifo Island Area,IFOI,58.4.1,139.72799999999998,-66.6269999999998,ad{\'e}lie penguin,,,1998,1998,839,1,nests,ground,<strong>Micol  T. and P. Jouventin  </strong><i> 2001</i>. Long-term population trends in seven Antarctic seabirds at Pointe G&#233;ologie (Terre Ad&#233;lie) Human impact compared with environmental change. Polar Biology 24:175-185.
Inexpressible Island,INEX,88.1,163.72869999999998,-74.90089999999998,ad{\'e}lie penguin,,12,2013,2013,36117,2,nests,aerial,<strong>Lyver  P. O.  </strong><i> ???? </i> Ad&#233;lie census data. dataset.
Ivanhoff Head,IVAN,58.4.1,109.12759999999997,-66.88029999999983,ad{\'e}lie penguin,27,12,2009,2009,6130,1,adults,ground,<strong>Southwell  C. and L. Emmerson  </strong><i> 2013</i>. First population counts at newly discovered Ad&#233;lie penguin <i>Pygoscelis adeliae</i> breeding sites along the Wilhelm II  Queen Mary and Wilkes Land coastlines  East Antarctica. Marine Ornithology 41:87-89.
Janet Rock,JANE,58.4.1,139.16509999999997,-66.56979999999982,ad{\'e}lie penguin,15,2,2011,2010,1899,5,nests,vhr,<strong>Lynch  H. J. and M. A. LaRue  </strong><i> 2014</i>. First global census of the Ad&#233;lie Penguin. The Auk 131:457-466.
Jingle Island,JING,48.1,-65.32529999999998,-65.43029999999972,ad{\'e}lie penguin,7,1,2013,2012,592,1,nests,ground,<strong>Casanovas  P.  R. Naveen  S. Forrest  J. Poncet  and H. J. Lynch  </strong><i> 2015</i>. A comprehensive coastal seabird survey maps out the front lines of ecological change on the western Antarctic Peninsula. Polar Biology 38:927-940.
Cape Jones,JONE,88.1,169.22719999999995,-73.27619999999999,ad{\'e}lie penguin,,12,2013,2013,41,2,nests,aerial,<strong>Lyver  P. O.  </strong><i> ???? </i> Ad&#233;lie census data. dataset.
Joubin Islands,JOUB,48.1,-64.39919999999998,-64.77439999999964,ad{\'e}lie penguin,,,1990,1990,1251,4,nests,,<strong>Woehler  E. J.  </strong><i> 1993</i>. The distribution and abundance of Antarctic and Subantarctic penguins. Scientific Committee on Antarctic Research (SCAR)  Cambridge  United Kingdom.
Cape Jules,JULE,58.4.1,140.91889999999998,-66.74379999999981,ad{\'e}lie penguin,13,2,2011,2010,56399,5,nests,vhr,<strong>Lynch  H. J. and M. A. LaRue  </strong><i> 2014</i>. First global census of the Ad&#233;lie Penguin. The Auk 131:457-466.
Kidson Island,KIDS,58.4.2,61.186999999999976,-67.21439999999984,ad{\'e}lie penguin,2,2,2011,2010,1334,5,nests,vhr,<strong>Lynch  H. J. and M. A. LaRue  </strong><i> 2014</i>. First global census of the Ad&#233;lie Penguin. The Auk 131:457-466.
King Point,KING,48.1,-55.480999999999995,-63.15999999999944,ad{\'e}lie penguin,12,1,2011,2010,28,5,nests,vhr,<strong>Lynch  H. J. and M. A. LaRue  </strong><i> 2014</i>. First global census of the Ad&#233;lie Penguin. The Auk 131:457-466.
Kirby Head,KIRB,58.4.2,46.537199999999984,-67.27259999999984,ad{\'e}lie penguin,2,12,2011,2011,4325,5,nests,vhr,<strong>Lynch  H. J. and M. A. LaRue  </strong><i> 2014</i>. First global census of the Ad&#233;lie Penguin. The Auk 131:457-466.
Kirton/Macklin,KIRT,58.4.2,63.637799999999984,-67.49069999999985,ad{\'e}lie penguin,28,12,2006,2006,12955,5,nests,vhr,<strong>Lynch  H. J. and M. A. LaRue  </strong><i> 2014</i>. First global census of the Ad&#233;lie Penguin. The Auk 131:457-466.
"Knobble Head, Bransfield Island",KNOB,48.1,-56.569399999999995,-63.16189999999945,ad{\'e}lie penguin,,,1960,1960,100,3,nests,ground,<strong>Croxall  J. P. and E. D. Kirkwood  </strong><i> 1979</i>. The distribution of penguins on the Antarctic Penninulsa and islands of the Scotia Sea. British Antarctic Survey  Cambridge  United Kingdom.
Kuno Point,KUNO,48.1,-67.16029999999999,-66.3977999999998,ad{\'e}lie penguin,10,1,2013,2012,235,1,nests,ground,<strong>Casanovas  P.  R. Naveen  S. Forrest  J. Poncet  and H. J. Lynch  </strong><i> 2015</i>. A comprehensive coastal seabird survey maps out the front lines of ecological change on the western Antarctic Peninsula. Polar Biology 38:927-940.
Kuzira Point,KUZI,58.4.2,38.26669999999999,-69.59999999999992,ad{\'e}lie penguin,11,2,2010,2009,0,1,nests,vhr,<strong>Lynch  H. J. and M. A. LaRue  </strong><i> 2014</i>. First global census of the Ad&#233;lie Penguin. The Auk 131:457-466.
Lagotellerie Island,LAGO,48.1,-67.40169999999999,-67.88689999999987,ad{\'e}lie penguin,13,1,2013,2012,7483,1,chicks,ground,<strong>Casanovas  P.  R. Naveen  S. Forrest  J. Poncet  and H. J. Lynch  </strong><i> 2015</i>. A comprehensive coastal seabird survey maps out the front lines of ecological change on the western Antarctic Peninsula. Polar Biology 38:927-940.
Islet next to Laktionov Island,LAKT,48.1,-65.78973699999999,-65.75853099999975,ad{\'e}lie penguin,8,1,2013,2012,38,1,nests,ground,<strong>Casanovas  P.  R. Naveen  S. Forrest  J. Poncet  and H. J. Lynch  </strong><i> 2015</i>. A comprehensive coastal seabird survey maps out the front lines of ecological change on the western Antarctic Peninsula. Polar Biology 38:927-940.
Lauff Island,LAUF,88.2,-126.77489999999999,-73.23249999999997,ad{\'e}lie penguin,13,12,2009,2009,0,1,nests,vhr,<strong>Lynch  H. J. and M. A. LaRue  </strong><i> 2014</i>. First global census of the Ad&#233;lie Penguin. The Auk 131:457-466.
Islet 1 km west of Lavosier Island,LAVO,48.1,-66.82899999999998,-66.12199999999979,ad{\'e}lie penguin,10,1,2013,2012,17,1,nests,ground,<strong>Casanovas  P.  R. Naveen  S. Forrest  J. Poncet  and H. J. Lynch  </strong><i> 2015</i>. A comprehensive coastal seabird survey maps out the front lines of ecological change on the western Antarctic Peninsula. Polar Biology 38:927-940.
Lewis Island,LEWI,58.4.1,134.38489999999996,-66.10509999999977,ad{\'e}lie penguin,12,12,2009,2009,1719,5,nests,vhr,<strong>Lynch  H. J. and M. A. LaRue  </strong><i> 2014</i>. First global census of the Ad&#233;lie Penguin. The Auk 131:457-466.
Lions Rump,LION,48.1,-58.12289999999999,-62.13309999999923,ad{\'e}lie penguin,,,2010,2010,3751,1,nests,ground,<strong>Korczak-Abshire  M.  M. W&#281;grzyn  P. J. Angiel  and M. Lisowska  </strong><i> 2013</i>. Pygoscelid penguins breeding distribution and population trends at Lions Rump rookery  King George Island. Polish Polar Research 34:87-99.
Litchfield Island,LITC,48.1,-64.09189999999998,-64.77079999999965,ad{\'e}lie penguin,,,2008,2008,0,1,nests,ground,<strong>(ATCM) ANTARCTIC TREATY CONSULTATIVE MEETING  </strong><i> 2009a</i>. Management plan for Antarctic Specially Protected Area No. 113: Litchfield Island  Arthur Harbor Anvers Island  Palmer Archipelago. Measure 4  Final Report of the Thirty-second Antarctic Treaty Consultative Meeting  Baltimore  United States. 
Llano Point,LLAN,48.1,-58.445999999999984,-62.17599999999924,ad{\'e}lie penguin,,1,2014,2013,3627,1,chicks,ground,<strong>Antarctic Ecosystem Research Group  </strong><i> 2014a</i>. 13 January 2014 weekly field reports: Copacabana  King George Island. Technical Report 2  National Oceanic & Atmospheric Administration  La Jolla  United States. 
Long Peninsula Island,LONG,58.4.2,78.32399999999998,-68.41629999999991,ad{\'e}lie penguin,14,12,2011,2011,3252,5,nests,vhr,<strong>Lynch  H. J. and M. A. LaRue  </strong><i> 2014</i>. First global census of the Ad&#233;lie Penguin. The Auk 131:457-466.
Lovill Bluff,LOVI,88.2,-127.43609999999998,-73.53799999999997,ad{\'e}lie penguin,13,12,2009,2009,1540,5,nests,vhr,<strong>Lynch  H. J. and M. A. LaRue  </strong><i> 2014</i>. First global census of the Ad&#233;lie Penguin. The Auk 131:457-466.
Low Tongue,LOWT,58.4.2,61.990599999999986,-67.54559999999985,ad{\'e}lie penguin,29,11,2008,2008,4455,1,adults,aerial,<strong>Wilson  D.  R. Pike  D. Southwell  and C. Southwell  </strong><i> 2009</i>. A systematic survey of breeding Ad&#233;lie penguins (<i>Pygoscelis adeliae</i>) along the Mawson and Kemp Land coasts  East Antarctica: New colonies and population counts. Antarctic Science 21:591-592.
Lindsay Islands,LSAY,88.3,-103.18289999999999,-73.60939999999997,ad{\'e}lie penguin,8,3,2011,2010,80704,5,nests,vhr,<strong>Lynch  H. J. and M. A. LaRue  </strong><i> 2014</i>. First global census of the Ad&#233;lie Penguin. The Auk 131:457-466.
MacKellar Islands,MACK,58.4.1,142.64999999999998,-66.96699999999983,ad{\'e}lie penguin,5,2,2011,2010,80360,5,nests,vhr,<strong>Lynch  H. J. and M. A. LaRue  </strong><i> 2014</i>. First global census of the Ad&#233;lie Penguin. The Auk 131:457-466.
Madder Cliff (Joinville Island),MADD,48.1,-56.48309999999999,-63.298899999999456,ad{\'e}lie penguin,8,1,2012,2011,34022,5,nests,vhr,<strong>Lynch  H. J. and M. A. LaRue  </strong><i> 2014</i>. First global census of the Ad&#233;lie Penguin. The Auk 131:457-466.
Madder Cliff Island,MADI,48.1,-56.498999999999995,-63.305999999999464,ad{\'e}lie penguin,1,1,2018,2017,1000,4,nests,offshore vessel,<strong>Lynch  H. J.  </strong><i> ????a</i>. Antarctic Site Inventory. dataset.
Maher Island,MAHE,88.2,-127.05029999999996,-73.19829999999997,ad{\'e}lie penguin,1,2,2011,2010,10111,5,nests,vhr,<strong>Lynch  H. J. and M. A. LaRue  </strong><i> 2014</i>. First global census of the Ad&#233;lie Penguin. The Auk 131:457-466.
Mallory Point,MALL,58.4.1,108.64329999999997,-66.82999999999983,ad{\'e}lie penguin,21,1,2011,2010,4621,2,adults,aerial photo,<strong>Southwell  C. and L. Emmerson  </strong><i> 2013</i>. First population counts at newly discovered Ad&#233;lie penguin <i>Pygoscelis adeliae</i> breeding sites along the Wilhelm II  Queen Mary and Wilkes Land coastlines  East Antarctica. Marine Ornithology 41:87-89.
Mame-zima,MAME,58.4.2,39.48329999999999,-69.01669999999991,ad{\'e}lie penguin,,,2004,2004,621,1,adults,ground,<strong>Kato  A.  and Y. Ropert-Coudert </strong><i> 2006</i>. Rapid increase in Ad&#233;lie penguin populations in the L&#252tzow-Holm Bay area since the mid 1990s.  Polar Bioscience 20: 55-62.
Mandible Cirque,MAND,88.1,169.24999999999997,-73.11699999999999,ad{\'e}lie penguin,,12,2013,2013,25122,2,nests,aerial,<strong>Lyver  P. O.  </strong><i> ???? </i> Ad&#233;lie census data. dataset.
Point Martin,MART,48.2,-44.718499999999985,-60.770899999998896,ad{\'e}lie penguin,,,2004,2004,26450,2,nests,ground,<strong>Coria  N. R.  D. Montalti  E. F. Rombol&#225;  M. M. Santos  M. I. Garcia Beto&#241;o  and M. A. Ju&#225;res </strong><i> 2011</i>. Birds at Laurie Island  South Orkney Islands  Antarctica: Breeding species and their distribution. Marine Ornithology 39:207-213.
Mawson Coast (excl. Bechervaise Island),MAWS,58.4.2,62.940599999999996,-67.55629999999985,ad{\'e}lie penguin,11,2,2011,2010,39691,5,nests,vhr,<strong>Lynch  H. J. and M. A. LaRue  </strong><i> 2014</i>. First global census of the Ad&#233;lie Penguin. The Auk 131:457-466.
Mount Biscoe,MBIS,58.4.2,51.32749999999998,-66.22089999999977,ad{\'e}lie penguin,15,2,2011,2010,28536,5,nests,vhr,<strong>Lynch  H. J. and M. A. LaRue  </strong><i> 2014</i>. First global census of the Ad&#233;lie Penguin. The Auk 131:457-466.
McDonald Point,MCDO,58.4.2,59.66539999999998,-67.34269999999984,ad{\'e}lie penguin,14,11,2009,2009,20,5,nests,vhr,<strong>Lynch  H. J. and M. A. LaRue  </strong><i> 2014</i>. First global census of the Ad&#233;lie Penguin. The Auk 131:457-466.
Meholmen Island,MEHO,58.4.2,39.4788,-69.02539999999993,ad{\'e}lie penguin,29,11,1984,1984,2,1,adults,ground,<strong>Ishikawa  S.  O. Matsuda  and K. Kawagushi  </strong><i> 1988</i>. Ad&#233;lie penguin census in the 1984-85 breeding season near Syowa Station  Antarctica with reference to the banding effect on the population. Antarctic Record 32:302-307.
Merritt Island,MERR,58.4.1,107.15649999999997,-66.45879999999981,ad{\'e}lie penguin,1,2,2010,2009,532,2,adults,aerial photo,<strong>Southwell  C. and L. Emmerson  </strong><i> 2013</i>. First population counts at newly discovered Ad&#233;lie penguin <i>Pygoscelis adeliae</i> breeding sites along the Wilhelm II  Queen Mary and Wilkes Land coastlines  East Antarctica. Marine Ornithology 41:87-89.
Mount Gleadell,MGLE,58.4.2,50.439999999999976,-66.94099999999983,ad{\'e}lie penguin,26,1,2010,2009,1576,5,nests,vhr,<strong>Lynch  H. J. and M. A. LaRue  </strong><i> 2014</i>. First global census of the Ad&#233;lie Penguin. The Auk 131:457-466.
Hollin/Midgley,MIDG,58.4.1,110.40359999999997,-66.3258999999998,ad{\'e}lie penguin,30,1,2011,2010,6311,5,nests,vhr,<strong>Lynch  H. J. and M. A. LaRue  </strong><i> 2014</i>. First global census of the Ad&#233;lie Penguin. The Auk 131:457-466.
Mizukuguri Cove,MIZU,58.4.2,39.61399999999998,-69.19699999999992,ad{\'e}lie penguin,,,2004,2004,1144,1,adults,ground,<strong>Kato  A.  and Y. Ropert-Coudert </strong><i> 2006</i>. Rapid increase in Ad&#233;lie penguin populations in the L&#252tzow-Holm Bay area since the mid 1990s.  Polar Bioscience 20: 55-62.
Mount Riiser-Larsen,MRII,58.4.2,50.551099999999984,-66.7907999999998,ad{\'e}lie penguin,26,1,2010,2009,1562,5,nests,vhr,<strong>Lynch  H. J. and M. A. LaRue  </strong><i> 2014</i>. First global census of the Ad&#233;lie Penguin. The Auk 131:457-466.
Myall/McMahon,MYAL,58.4.2,45.735599999999984,-67.67209999999987,ad{\'e}lie penguin,9,2,2011,2010,686,5,nests,vhr,<strong>Lynch  H. J. and M. A. LaRue  </strong><i> 2014</i>. First global census of the Ad&#233;lie Penguin. The Auk 131:457-466.
North Cape (d'Urville Island),NCAP,48.1,-56.48899999999998,-62.9739999999994,ad{\'e}lie penguin,,,1960,1960,75,3,nests,ground,<strong>Croxall  J. P. and E. D. Kirkwood  </strong><i> 1979</i>. The distribution of penguins on the Antarctic Penninulsa and islands of the Scotia Sea. British Antarctic Survey  Cambridge  United Kingdom.
Nelly Island,NEIS,58.4.1,110.17819999999999,-66.22939999999977,ad{\'e}lie penguin,24,2,2011,2010,1316,5,nests,vhr,<strong>Lynch  H. J. and M. A. LaRue  </strong><i> 2014</i>. First global census of the Ad&#233;lie Penguin. The Auk 131:457-466.
Nella/Thalla Islands,NELL,88.1,166.08729999999997,-70.61359999999995,ad{\'e}lie penguin,27,1,2011,2010,477,5,nests,vhr,<strong>Lynch  H. J. and M. A. LaRue  </strong><i> 2014</i>. First global census of the Ad&#233;lie Penguin. The Auk 131:457-466.
Northeast of Smiggers Island,NESM,48.1,-65.34648299999999,-65.45157099999973,ad{\'e}lie penguin,7,1,2013,2012,11,1,nests,ground,<strong>Casanovas  P.  R. Naveen  S. Forrest  J. Poncet  and H. J. Lynch  </strong><i> 2015</i>. A comprehensive coastal seabird survey maps out the front lines of ecological change on the western Antarctic Peninsula. Polar Biology 38:927-940.
Nokkelholmane Islands,NOKK,58.4.2,39.46349999999999,-69.38109999999993,ad{\'e}lie penguin,11,2,2010,2009,34,5,nests,vhr,<strong>Lynch  H. J. and M. A. LaRue  </strong><i> 2014</i>. First global census of the Ad&#233;lie Penguin. The Auk 131:457-466.
North Point,NOPT,48.2,-45.62599999999998,-60.671999999998874,ad{\'e}lie penguin,22,11,2015,2015,6008,1,nests,ground,<strong>Dunn  M.J.  Jackson  J.A.  Adlard  S.  Lynnes  A.S.  Briggs  D.R.  Fox  D.  C.M. Waluda. </strong><i> 2016</i>. Population size and decadal trends of three penguin species nesting at Signy island  South Orkney islands. PLoS ONE 11(10): e0164025.
Northern Foothills (Terra Nova Bay),NORF,88.1,163.99999999999997,-74.74999999999999,ad{\'e}lie penguin,,12,2013,2013,13408,2,nests,aerial,<strong>Lyver  P. O.  </strong><i> ???? </i> Ad&#233;lie census data. dataset.
Cape Nutt,NUTT,58.4.1,108.21269999999997,-66.63519999999981,ad{\'e}lie penguin,17,2,2011,2010,1412,5,nests,vhr,<strong>Lynch  H. J. and M. A. LaRue  </strong><i> 2014</i>. First global census of the Ad&#233;lie Penguin. The Auk 131:457-466.
Odbert Island,ODBE,58.4.1,110.54209999999998,-66.37419999999979,ad{\'e}lie penguin,3,1,2011,2010,9247,5,nests,vhr,<strong>Lynch  H. J. and M. A. LaRue  </strong><i> 2014</i>. First global census of the Ad&#233;lie Penguin. The Auk 131:457-466.
Oldham Island,OLDH,58.4.2,61.725299999999976,-67.52079999999985,ad{\'e}lie penguin,29,11,2008,2008,3570,1,adults,aerial,<strong>Wilson  D.  R. Pike  D. Southwell  and C. Southwell  </strong><i> 2009</i>. A systematic survey of breeding Ad&#233;lie penguins (<i>Pygoscelis adeliae</i>) along the Mawson and Kemp Land coasts  East Antarctica: New colonies and population counts. Antarctic Science 21:591-592.
Cape Omega,OMGA,58.4.2,40.98329999999999,-68.5666999999999,ad{\'e}lie penguin,10,12,2012,2012,0,1,nests,vhr,<strong>Lynch  H. J. and M. A. LaRue  </strong><i> 2014</i>. First global census of the Ad&#233;lie Penguin. The Auk 131:457-466.
Ongulkaven,ONGU,58.4.2,39.42519999999998,-69.01709999999991,ad{\'e}lie penguin,,,2004,2004,650,1,adults,ground,<strong>Kato  A.  and Y. Ropert-Coudert </strong><i> 2006</i>. Rapid increase in Ad&#233;lie penguin populations in the L&#252tzow-Holm Bay area since the mid 1990s.  Polar Bioscience 20: 55-62.
Outer Island,OUTE,48.2,-45.58059999999999,-60.706899999998875,ad{\'e}lie penguin,17,2,2011,2010,155,5,nests,vhr,<strong>Lynch  H. J. and M. A. LaRue  </strong><i> 2014</i>. First global census of the Ad&#233;lie Penguin. The Auk 131:457-466.
Pageant Point,PAGE,48.2,-45.5843,-60.72859999999888,ad{\'e}lie penguin,17,2,2011,2010,220,5,nests,vhr,<strong>Lynch  H. J. and M. A. LaRue  </strong><i> 2014</i>. First global census of the Ad&#233;lie Penguin. The Auk 131:457-466.
Pantomime Point,PANT,48.2,-45.58329999999999,-60.726599999998896,ad{\'e}lie penguin,17,2,2011,2010,792,5,nests,vhr,<strong>Lynch  H. J. and M. A. LaRue  </strong><i> 2014</i>. First global census of the Ad&#233;lie Penguin. The Auk 131:457-466.
Patella Island,PATE,48.1,-55.52379999999999,-63.129399999999436,ad{\'e}lie penguin,,,1960,1960,1000,5,nests,ground,<strong>Croxall  J. P. and E. D. Kirkwood  </strong><i> 1979</i>. The distribution of penguins on the Antarctic Penninulsa and islands of the Scotia Sea. British Antarctic Survey  Cambridge  United Kingdom.
Paulet Island,PAUL,48.1,-55.78809999999999,-63.580099999999504,ad{\'e}lie penguin,19,2,2011,2010,107285,5,nests,vhr,<strong>Lynch  H. J. and M. A. LaRue  </strong><i> 2014</i>. First global census of the Ad&#233;lie Penguin. The Auk 131:457-466.
Port Charcot,PCHA,48.1,-64.02599999999998,-65.06699999999967,ad{\'e}lie penguin,19,1,2018,2017,10,1,nests,ground,<strong>Lynch  H. J.  </strong><i> ????a</i>. Antarctic Site Inventory. dataset.
Peine Island (Comb Island),PEIN,48.1,-54.716999999999985,-63.410999999999476,ad{\'e}lie penguin,18,12,2015,2015,12000,4,nests,ground photo,<strong>Borowicz  A.  P. McDowall  C. Youngflesh  T. Sayre-McCord  G. Clucas  R. Herman  S. Forrest  M. Rider  M. Schwaller  T. Hart  S. Jenouvrier  M. Polito  H. Singh  and H. J. Lynch  </strong><i>2018</i>. Multi-modal survey of Ad&#233;lie penguin mega-colonies reveals the Danger Islands as a seabird hotspot. Scientific Reports 8:3926.
Penguin Island,PENG,48.1,-57.92689999999999,-62.10199999999922,ad{\'e}lie penguin,16,1,2018,2017,142,1,chicks,ground,<strong>Lynch  H. J.  </strong><i> ????a</i>. Antarctic Site Inventory. dataset.
Penguin Point (Seymour Island),PEPO,48.1,-56.71139999999998,-64.3060999999996,ad{\'e}lie penguin,21,12,2009,2009,16015,2,nests,ground,<strong>Lynch  H. J.  R. Naveen  and P. Casanovas  </strong><i> 2013</i>. Antarctic Site Inventory breeding bird survey data  1994-2013: Ecological Archives E094-243. Ecology 94:2653-2653.
Petermann Island,PETE,48.1,-64.13699999999999,-65.17599999999969,ad{\'e}lie penguin,26,1,2018,2017,292,1,chicks,ground,<strong>Lynch  H. J.  </strong><i> ????a</i>. Antarctic Site Inventory. dataset.
Point Geologie,PGEO,58.4.1,140.00999999999996,-66.6699999999998,ad{\'e}lie penguin,,,1998,1998,42161,1,nests,ground,<strong>Micol  T. and P. Jouventin  </strong><i> 2001</i>. Long-term population trends in seven Antarctic seabirds at Pointe G&#233;ologie (Terre Ad&#233;lie) Human impact compared with environmental change. Polar Biology 24:175-185.
Cape Phillips,PHIL,88.1,169.61679999999998,-73.07139999999998,ad{\'e}lie penguin,,12,2013,2013,11235,2,nests,aerial,<strong>Lyver  P. O.  </strong><i> ???? </i> Ad&#233;lie census data. dataset.
Cape Pigeon Rocks,PIGE,58.4.1,143.89399999999995,-66.93339999999984,ad{\'e}lie penguin,14,1,2011,2010,64607,5,nests,vhr,<strong>Lynch  H. J. and M. A. LaRue  </strong><i> 2014</i>. First global census of the Ad&#233;lie Penguin. The Auk 131:457-466.
Peter I Island,PIIS,88.3,-90.49169999999998,-68.8349999999999,ad{\'e}lie penguin,11,1,2011,2010,2,5,nests,vhr,<strong>Lynch  H. J. and M. A. LaRue  </strong><i> 2014</i>. First global census of the Ad&#233;lie Penguin. The Auk 131:457-466.
Peterson Island,PISL,58.4.1,110.49929999999998,-66.46649999999981,ad{\'e}lie penguin,30,1,2011,2010,30448,5,nests,vhr,<strong>Lynch  H. J. and M. A. LaRue  </strong><i> 2014</i>. First global census of the Ad&#233;lie Penguin. The Auk 131:457-466.
Plato Island (Platter Island),PLAT,48.1,-54.67419999999998,-63.43299999999948,ad{\'e}lie penguin,16,12,2015,2015,40803,1,nests,ground,<strong>Borowicz  A.  P. McDowall  C. Youngflesh  T. Sayre-McCord  G. Clucas  R. Herman  S. Forrest  M. Rider  M. Schwaller  T. Hart  S. Jenouvrier  M. Polito  H. Singh  and H. J. Lynch  </strong><i>2018</i>. Multi-modal survey of Ad&#233;lie penguin mega-colonies reveals the Danger Islands as a seabird hotspot. Scientific Reports 8:3926.
Pleneau Island,PLEN,48.1,-64.05559999999998,-65.10399999999969,ad{\'e}lie penguin,6,1,2018,2017,1,1,nests,ground,<strong>Lynch  H. J.  </strong><i> ????a</i>. Antarctic Site Inventory. dataset.
Port Martin,PMAR,58.4.1,141.39969999999997,-66.81129999999982,ad{\'e}lie penguin,5,2,2011,2010,37994,5,nests,vhr,<strong>Lynch  H. J. and M. A. LaRue  </strong><i> 2014</i>. First global census of the Ad&#233;lie Penguin. The Auk 131:457-466.
Possession Island,POSS,88.1,171.16919999999993,-71.89459999999995,ad{\'e}lie penguin,,12,2013,2013,177097,2,nests,aerial,<strong>Lyver  P. O.  </strong><i> ???? </i> Ad&#233;lie census data. dataset.
Powell Island,POWE,48.2,-45.028999999999996,-60.72499999999888,ad{\'e}lie penguin,27,12,1983,1983,24560,3,chicks,ground,<strong>Poncet  S. and J. Poncet  </strong><i> 1985</i>. A survey of penguin breeding populations at the South Orkey Islands. British Antarctic Survey Bulletin 68:71-81.
Pink Pool Point,PPPT,48.1,-54.07899999999999,-61.30899999999904,ad{\'e}lie penguin,12,12,2006,2006,1811,5,nests,vhr,<strong>Lynch  H. J. and M. A. LaRue  </strong><i> 2014</i>. First global census of the Ad&#233;lie Penguin. The Auk 131:457-466.
Proclamation Island,PROC,58.4.2,53.68759999999999,-65.84239999999976,ad{\'e}lie penguin,3,2,2011,2010,9277,5,nests,vhr,<strong>Lynch  H. J. and M. A. LaRue  </strong><i> 2014</i>. First global census of the Ad&#233;lie Penguin. The Auk 131:457-466.
Point Thomas,PTHO,48.1,-58.46149999999999,-62.163099999999254,ad{\'e}lie penguin,,11,2013,2013,150,1,nests,ground,<strong>Antarctic Ecosystem Research Group  </strong><i> 2014b</i>. 20 January 2014 weekly field reports: Copacabana  King George Island. Technical Report 3  National Oceanic & Atmospheric Administration  La Jolla  United States. 
Rauer Islands,RAUE,58.4.2,77.67649999999999,-68.8330999999999,ad{\'e}lie penguin,9,2,2011,2010,115034,5,nests,vhr,<strong>Lynch  H. J. and M. A. LaRue  </strong><i> 2014</i>. First global census of the Ad&#233;lie Penguin. The Auk 131:457-466.
Robinson,RBSN,58.4.2,63.45959999999999,-67.45429999999986,ad{\'e}lie penguin,28,12,2006,2006,609,5,nests,vhr,<strong>Lynch  H. J. and M. A. LaRue  </strong><i> 2014</i>. First global census of the Ad&#233;lie Penguin. The Auk 131:457-466.
Red Island,REDI,48.1,-57.87999999999999,-63.73559999999952,ad{\'e}lie penguin,29,10,2006,2006,1002,5,nests,vhr,<strong>Lynch  H. J. and M. A. LaRue  </strong><i> 2014</i>. First global census of the Ad&#233;lie Penguin. The Auk 131:457-466.
Rhyolite Island,RHYO,48.1,-68.57089999999998,-69.64879999999991,ad{\'e}lie penguin,6,2,2011,2010,36,5,nests,vhr,<strong>Lynch  H. J. and M. A. LaRue  </strong><i> 2014</i>. First global census of the Ad&#233;lie Penguin. The Auk 131:457-466.
Robinson (northwest),RONW,58.4.2,63.412999999999975,-67.44889999999985,ad{\'e}lie penguin,28,12,2006,2006,111,5,nests,vhr,<strong>Lynch  H. J. and M. A. LaRue  </strong><i> 2014</i>. First global census of the Ad&#233;lie Penguin. The Auk 131:457-466.
Rookery Islands,ROOK,58.4.2,62.50989999999999,-67.60439999999987,ad{\'e}lie penguin,11,2,2011,2010,43989,5,nests,vhr,<strong>Lynch  H. J. and M. A. LaRue  </strong><i> 2014</i>. First global census of the Ad&#233;lie Penguin. The Auk 131:457-466.
Robinson (southeast),ROSE,58.4.2,63.49559999999998,-67.47489999999986,ad{\'e}lie penguin,28,12,2006,2006,800,5,nests,vhr,<strong>Lynch  H. J. and M. A. LaRue  </strong><i> 2014</i>. First global census of the Ad&#233;lie Penguin. The Auk 131:457-466.
Cape Royds,ROYD,88.1,166.16389999999998,-77.55449999999999,ad{\'e}lie penguin,,12,2013,2013,2944,2,nests,aerial,<strong>Lyver  P. O.  </strong><i> ???? </i> Ad&#233;lie census data. dataset.
Red Rock Ridge,RRRI,48.1,-67.16859999999998,-68.28779999999989,ad{\'e}lie penguin,12,1,2013,2012,3760,1,chicks,ground,<strong>Casanovas  P.  R. Naveen  S. Forrest  J. Poncet  and H. J. Lynch  </strong><i> 2015</i>. A comprehensive coastal seabird survey maps out the front lines of ecological change on the western Antarctic Peninsula. Polar Biology 38:927-940.
Rumpa Island,RUMP,58.4.2,39.390499999999996,-69.14409999999991,ad{\'e}lie penguin,,,2004,2004,3515,1,adults,ground,<strong>Kato  A.  and Y. Ropert-Coudert </strong><i> 2006</i>. Rapid increase in Ad&#233;lie penguin populations in the L&#252tzow-Holm Bay area since the mid 1990s.  Polar Bioscience 20: 55-62.
Sabrina Island,SABR,88.1,163.30899999999997,-66.91709999999982,ad{\'e}lie penguin,,12,2005,2005,4844,2,nests,aerial,<strong>Lyver  P. O.  </strong><i> ???? </i> Ad&#233;lie census data. dataset.
Saxum Nunatak,SAXU,48.1,-56.053299999999986,-63.136699999999436,ad{\'e}lie penguin,22,12,2005,2005,150,4,nests,ground,<strong>Lynch  H. J.  R. Naveen  and P. Casanovas  </strong><i> 2013</i>. Antarctic Site Inventory breeding bird survey data  1994-2013: Ecological Archives E094-243. Ecology 94:2653-2653.
Scullin/Murray,SCUL,58.4.2,66.69679999999998,-67.78329999999987,ad{\'e}lie penguin,26,1,2011,2010,54499,5,nests,vhr,<strong>Lynch  H. J. and M. A. LaRue  </strong><i> 2014</i>. First global census of the Ad&#233;lie Penguin. The Auk 131:457-466.
SE Fisher Bay,SEFB,58.4.1,146.08089999999999,-67.59489999999987,ad{\'e}lie penguin,3,2,2012,2011,9,5,nests,vhr,<strong>Lynch  H. J. and M. A. LaRue  </strong><i> 2014</i>. First global census of the Ad&#233;lie Penguin. The Auk 131:457-466.
Sentry Rocks,SENT,88.1,167.40459999999996,-70.75429999999994,ad{\'e}lie penguin,4,12,2011,2011,344,5,nests,vhr,<strong>Lynch  H. J. and M. A. LaRue  </strong><i> 2014</i>. First global census of the Ad&#233;lie Penguin. The Auk 131:457-466.
SE Promontory,SEPR,88.1,163.04999999999998,-66.6499999999998,ad{\'e}lie penguin,,12,2005,2005,890,2,nests,aerial,<strong>Lyver  P. O.  </strong><i> ???? </i> Ad&#233;lie census data. dataset.
Sheelagh Islands,SHEE,58.4.2,50.180399999999985,-66.54639999999982,ad{\'e}lie penguin,26,1,2010,2009,7587,5,nests,vhr,<strong>Lynch  H. J. and M. A. LaRue  </strong><i> 2014</i>. First global census of the Ad&#233;lie Penguin. The Auk 131:457-466.
Shepard Island,SHEI,88.2,-132.55189999999996,-74.37729999999998,ad{\'e}lie penguin,28,12,2010,2010,28934,5,nests,vhr,<strong>Lynch  H. J. and M. A. LaRue  </strong><i> 2014</i>. First global census of the Ad&#233;lie Penguin. The Auk 131:457-466.
Sheppard Nunatak,SHEN,48.1,-57.015399999999985,-63.36289999999947,ad{\'e}lie penguin,8,1,2005,2004,1523,5,nests,vhr,<strong>Lynch  H. J. and M. A. LaRue  </strong><i> 2014</i>. First global census of the Ad&#233;lie Penguin. The Auk 131:457-466.
Sheppard Point,SHEP,48.1,-56.98439999999999,-63.37069999999946,ad{\'e}lie penguin,8,1,2005,2004,3182,5,nests,vhr,<strong>Lynch  H. J. and M. A. LaRue  </strong><i> 2014</i>. First global census of the Ad&#233;lie Penguin. The Auk 131:457-466.
Shingle Cove (Coronation Island),SHIN,48.2,-45.56359999999999,-60.646899999998865,ad{\'e}lie penguin,9,12,2007,2007,3041,3,nests,ground,<strong>Lynch  H. J.  R. Naveen  and P. Casanovas  </strong><i> 2013</i>. Antarctic Site Inventory breeding bird survey data  1994-2013: Ecological Archives E094-243. Ecology 94:2653-2653.
Shirley/Beall,SHLY,58.4.1,110.49999999999997,-66.28299999999979,ad{\'e}lie penguin,30,1,2011,2010,13658,5,nests,vhr,<strong>Lynch  H. J. and M. A. LaRue  </strong><i> 2014</i>. First global census of the Ad&#233;lie Penguin. The Auk 131:457-466.
Sigaren,SIGA,58.4.2,39.43439999999999,-69.16929999999992,ad{\'e}lie penguin,,,2004,2004,37,1,adults,ground,<strong>Kato  A.  and Y. Ropert-Coudert </strong><i> 2006</i>. Rapid increase in Ad&#233;lie penguin populations in the L&#252tzow-Holm Bay area since the mid 1990s.  Polar Bioscience 20: 55-62.
Sims Island,SIMS,88.3,-78.54069999999999,-73.27249999999998,ad{\'e}lie penguin,5,12,2012,2012,14784,5,nests,vhr,<strong>Lynch  H. J. and M. A. LaRue  </strong><i> 2014</i>. First global census of the Ad&#233;lie Penguin. The Auk 131:457-466.
Smiggers Island,SMIG,48.1,-65.35139999999998,-65.45969999999971,ad{\'e}lie penguin,7,1,2013,2012,453,1,nests,ground,<strong>Casanovas  P.  R. Naveen  S. Forrest  J. Poncet  and H. J. Lynch  </strong><i> 2015</i>. A comprehensive coastal seabird survey maps out the front lines of ecological change on the western Antarctic Peninsula. Polar Biology 38:927-940.
South of Martin Islands,SOMI,48.1,-65.33809999999998,-65.68809999999975,ad{\'e}lie penguin,8,1,2013,2012,477,1,nests,ground,<strong>Casanovas  P.  R. Naveen  S. Forrest  J. Poncet  and H. J. Lynch  </strong><i> 2015</i>. A comprehensive coastal seabird survey maps out the front lines of ecological change on the western Antarctic Peninsula. Polar Biology 38:927-940.
Spindrift Rocks,SPRO,48.2,-45.64399999999999,-60.68299999999886,ad{\'e}lie penguin,21,11,2015,2015,3046,1,nests,ground,<strong>Dunn  M.J.  Jackson  J.A.  Adlard  S.  Lynnes  A.S.  Briggs  D.R.  Fox  D.  C.M. Waluda. </strong><i> 2016</i>. Population size and decadal trends of three penguin species nesting at Signy island  South Orkney islands. PLoS ONE 11(10): e0164025.
Stanton Continental Rock,STAN,58.4.2,61.71749999999999,-67.53419999999986,ad{\'e}lie penguin,29,11,2008,2008,3227,1,adults,aerial,<strong>Wilson  D.  R. Pike  D. Southwell  and C. Southwell  </strong><i> 2009</i>. A systematic survey of breeding Ad&#233;lie penguins (<i>Pygoscelis adeliae</i>) along the Mawson and Kemp Land coasts  East Antarctica: New colonies and population counts. Antarctic Science 21:591-592.
Steines Island,STEI,58.4.2,76.58249999999998,-69.34119999999992,ad{\'e}lie penguin,9,2,2011,2010,434,5,nests,vhr,<strong>Lynch  H. J. and M. A. LaRue  </strong><i> 2014</i>. First global census of the Ad&#233;lie Penguin. The Auk 131:457-466.
Stene Point,STEN,48.2,-45.70699999999999,-60.653999999998874,ad{\'e}lie penguin,17,2,2011,2010,0,1,nests,vhr,<strong>Lynch  H. J. and M. A. LaRue  </strong><i> 2014</i>. First global census of the Ad&#233;lie Penguin. The Auk 131:457-466.
Stranger Point,STRA,48.1,-58.6161,-62.259999999999266,ad{\'e}lie penguin,,,2012,2012,1003,1,nests,ground,<strong>Ju&#225;res  M. A.  M. M. Santos  J. Negrete  J. A. Mennucci  P. J. Perchivale  R. J. Casaux  and N. R. Coria  </strong><i> 2015</i>. Ad&#233;lie penguin population changes at Stranger Point: 19 years of monitoring. Antarctic Science 27:455-461.
Stanton unnamed,STUN,58.4.2,61.597799999999985,-67.50779999999986,ad{\'e}lie penguin,29,11,2008,2008,801,1,adults,aerial,<strong>Wilson  D.  R. Pike  D. Southwell  and C. Southwell  </strong><i> 2009</i>. A systematic survey of breeding Ad&#233;lie penguins (<i>Pygoscelis adeliae</i>) along the Mawson and Kemp Land coasts  East Antarctica: New colonies and population counts. Antarctic Science 21:591-592.
Sturge Island,STUR,88.1,164.63299999999998,-67.46699999999986,ad{\'e}lie penguin,,,2002,2002,10,5,nests,,<strong>Ainley  D. G.  </strong><i> 2002</i>. The Ad&#233;lie penguin: Bellwether of climate change. Columbia University Press  New York  United States. 
Sven Foyn Island,SVEN,88.1,171.06949999999995,-71.95599999999997,ad{\'e}lie penguin,,12,2013,2013,44571,2,nests,aerial,<strong>Lyver  P. O.  </strong><i> ???? </i> Ad&#233;lie census data. dataset.
Svenner Islands,SVIS,58.4.2,76.83459999999998,-69.03409999999991,ad{\'e}lie penguin,15,12,1981,1981,18065,1,nests,aerial,<strong>Whitehead  M. D. and G. W. Johnstone  </strong><i> 1990</i>. The distribution and estimated abundance of Ad&#233;lie penguins breeding in Prydz Bay  Antarctica. In M. Fukuchi  Y. Ino  Y. Naito  Y. Ohyama  and M. Takahashi  editors  Proceedings of the NIPR Symposium on Polar Biology  volume 3  pages 91-98  Tokyo  Japan. National Institute of Polar Research.
Southwest Island (Aviation Islands),SWIS,88.1,158.78329999999994,-69.26659999999991,ad{\'e}lie penguin,,12,1985,1985,804,2,nests,aerial,<strong>Lyver  P. O.  </strong><i> ???? </i> Ad&#233;lie census data. dataset.
Tay Head (Joinville Island),TAYH,48.1,-55.550799999999995,-63.348599999999465,ad{\'e}lie penguin,23,12,2010,2010,4156,3,nests,ground,<strong>Lynch  H. J.  R. Naveen  and P. Casanovas  </strong><i> 2013</i>. Antarctic Site Inventory breeding bird survey data  1994-2013: Ecological Archives E094-243. Ecology 94:2653-2653.
Tenmondai Rock,TENM,58.4.2,41.700999999999986,-68.4444999999999,ad{\'e}lie penguin,11,2,2011,2010,86,5,nests,vhr,<strong>Lynch  H. J. and M. A. LaRue  </strong><i> 2014</i>. First global census of the Ad&#233;lie Penguin. The Auk 131:457-466.
Thorgaut,THOR,58.4.2,63.54329999999998,-67.44249999999985,ad{\'e}lie penguin,28,12,2006,2006,917,5,nests,vhr,<strong>Lynch  H. J. and M. A. LaRue  </strong><i> 2014</i>. First global census of the Ad&#233;lie Penguin. The Auk 131:457-466.
Torgersen Island,TORG,48.1,-64.07409999999999,-64.77309999999964,ad{\'e}lie penguin,26,1,2005,2004,320,1,chicks,ground,<strong>Fraser  W. R.  </strong><i> ????b</i>. Ad&#233;lie penguin breeding success and chronology studies - relative abundance of one and two chick broods  collected at Palmer Station Antarctica research area  1991 - present. dataset.
Torinosu Cove,TORI,58.4.2,39.56669999999998,-69.48329999999991,ad{\'e}lie penguin,,,2004,2004,45,1,adults,ground,<strong>Kato  A.  and Y. Ropert-Coudert </strong><i> 2006</i>. Rapid increase in Ad&#233;lie penguin populations in the L&#252tzow-Holm Bay area since the mid 1990s.  Polar Bioscience 20: 55-62.
Trundle Island,TRUN,48.1,-65.28849999999998,-65.39379999999971,ad{\'e}lie penguin,7,1,2013,2012,347,1,nests,ground,<strong>Casanovas  P.  R. Naveen  S. Forrest  J. Poncet  and H. J. Lynch  </strong><i> 2015</i>. A comprehensive coastal seabird survey maps out the front lines of ecological change on the western Antarctic Peninsula. Polar Biology 38:927-940.
Tryne Islands,TRYN,58.4.2,78.41249999999998,-68.38089999999988,ad{\'e}lie penguin,14,12,2011,2011,13789,5,nests,vhr,<strong>Lynch  H. J. and M. A. LaRue  </strong><i> 2014</i>. First global census of the Ad&#233;lie Penguin. The Auk 131:457-466.
Three Sisters,TSIS,48.1,-57.91349999999998,-62.07789999999922,ad{\'e}lie penguin,2,1,2018,2017,510,1,chicks,ground,<strong>Lynch  H. J.  </strong><i> ????a</i>. Antarctic Site Inventory. dataset.
Turret Point (King George Island),TURR,48.1,-57.951399999999985,-62.087499999999224,ad{\'e}lie penguin,13,12,2017,2017,89,1,chicks,ground,<strong>Lynch  H. J.  </strong><i> ????a</i>. Antarctic Site Inventory. dataset.
Ufs Island,UFSI,58.4.2,61.14059999999998,-67.46939999999985,ad{\'e}lie penguin,6,1,2009,2008,1942,5,nests,vhr,<strong>Lynch  H. J. and M. A. LaRue  </strong><i> 2014</i>. First global census of the Ad&#233;lie Penguin. The Auk 131:457-466.
Unnnamed Island PE 1,UIP1,58.4.2,77.75059999999999,-68.7669999999999,ad{\'e}lie penguin,,,2013,2013,,,nests,,<strong>Lynch  H. J. and M. A. LaRue  </strong><i> 2014</i>. First global census of the Ad&#233;lie Penguin. The Auk 131:457-466.
Unnnamed Island PE 2,UIP2,58.4.2,77.73599999999999,-68.9011999999999,ad{\'e}lie penguin,14,12,2011,2011,40,5,nests,vhr,<strong>Lynch  H. J. and M. A. LaRue  </strong><i> 2014</i>. First global census of the Ad&#233;lie Penguin. The Auk 131:457-466.
Unnnamed Island PE 3,UIP3,58.4.2,78.21099999999998,-68.4418999999999,ad{\'e}lie penguin,14,12,2011,2011,123,5,nests,vhr,<strong>Lynch  H. J. and M. A. LaRue  </strong><i> 2014</i>. First global census of the Ad&#233;lie Penguin. The Auk 131:457-466.
Unnamed Island PE 2 North,UIPN,58.4.2,77.71619999999999,-68.9012999999999,ad{\'e}lie penguin,9,2,2011,2010,6893,5,nests,vhr,<strong>Lynch  H. J. and M. A. LaRue  </strong><i> 2014</i>. First global census of the Ad&#233;lie Penguin. The Auk 131:457-466.
Unger Island (Unger Rock),UNGE,88.1,166.91899999999998,-70.68109999999994,ad{\'e}lie penguin,12,2,2011,2010,305,5,nests,vhr,<strong>Lynch  H. J. and M. A. LaRue  </strong><i> 2014</i>. First global census of the Ad&#233;lie Penguin. The Auk 131:457-466.
Unnamed 2,UNN2,58.4.2,63.54349999999999,-67.44019999999986,ad{\'e}lie penguin,9,2,2011,2010,0,1,nests,vhr,<strong>Lynch  H. J. and M. A. LaRue  </strong><i> 2014</i>. First global census of the Ad&#233;lie Penguin. The Auk 131:457-466.
Unnamed 7,UNN7,58.4.2,63.33359999999999,-67.44749999999986,ad{\'e}lie penguin,9,2,2011,2010,5669,5,nests,vhr,<strong>Lynch  H. J. and M. A. LaRue  </strong><i> 2014</i>. First global census of the Ad&#233;lie Penguin. The Auk 131:457-466.
Vestfold North,VESN,58.4.2,78.09539999999997,-68.4841999999999,ad{\'e}lie penguin,26,12,2012,2012,45497,5,nests,vhr,<strong>Lynch  H. J. and M. A. LaRue  </strong><i> 2014</i>. First global census of the Ad&#233;lie Penguin. The Auk 131:457-466.
Vestfold South,VESS,58.4.2,77.92269999999998,-68.5882999999999,ad{\'e}lie penguin,10,2,2012,2011,101297,5,nests,vhr,<strong>Lynch  H. J. and M. A. LaRue  </strong><i> 2014</i>. First global census of the Ad&#233;lie Penguin. The Auk 131:457-466.
Vieugue Island,VIEU,48.1,-65.21439999999998,-65.66819999999974,ad{\'e}lie penguin,8,1,2013,2012,359,1,nests,ground,<strong>Casanovas  P.  R. Naveen  S. Forrest  J. Poncet  and H. J. Lynch  </strong><i> 2015</i>. A comprehensive coastal seabird survey maps out the front lines of ecological change on the western Antarctic Peninsula. Polar Biology 38:927-940.
Vortex Island,VORT,48.1,-57.64149999999999,-63.72569999999953,ad{\'e}lie penguin,11,2,2011,2010,2665,5,nests,vhr,<strong>Lynch  H. J. and M. A. LaRue  </strong><i> 2014</i>. First global census of the Ad&#233;lie Penguin. The Auk 131:457-466.
Cape Waites,WAIT,88.3,-103.45099999999998,-72.71299999999997,ad{\'e}lie penguin,8,2,2010,2009,546,5,nests,vhr,<strong>Lynch  H. J. and M. A. LaRue  </strong><i> 2014</i>. First global census of the Ad&#233;lie Penguin. The Auk 131:457-466.
Watt Bay,WATT,58.4.1,144.28539999999998,-66.99489999999983,ad{\'e}lie penguin,10,1,2012,2011,2797,5,nests,vhr,<strong>Lynch  H. J. and M. A. LaRue  </strong><i> 2014</i>. First global census of the Ad&#233;lie Penguin. The Auk 131:457-466.
Way Archipelago,WAYA,58.4.1,143.58949999999996,-66.85709999999983,ad{\'e}lie penguin,21,11,2011,2011,5997,5,nests,vhr,<strong>Lynch  H. J. and M. A. LaRue  </strong><i> 2014</i>. First global census of the Ad&#233;lie Penguin. The Auk 131:457-466.
Weddell Island,WEDD,48.2,-44.84789999999998,-60.635899999998855,ad{\'e}lie penguin,25,2,2011,2010,28507,5,nests,vhr,<strong>Lynch  H. J. and M. A. LaRue  </strong><i> 2014</i>. First global census of the Ad&#233;lie Penguin. The Auk 131:457-466.
Weller Island,WELL,48.1,-65.38169999999998,-65.44529999999972,ad{\'e}lie penguin,7,1,2013,2012,4,1,nests,ground,<strong>Casanovas  P.  R. Naveen  S. Forrest  J. Poncet  and H. J. Lynch  </strong><i> 2015</i>. A comprehensive coastal seabird survey maps out the front lines of ecological change on the western Antarctic Peninsula. Polar Biology 38:927-940.
Cape Wheatstone,WHEA,88.1,170.20239999999998,-72.62169999999998,ad{\'e}lie penguin,,12,2013,2013,2037,2,nests,aerial,<strong>Lyver  P. O.  </strong><i> ???? </i> Ad&#233;lie census data. dataset.
Blakeney/Whitney,WHTY,58.4.1,110.55729999999997,-66.24569999999977,ad{\'e}lie penguin,30,1,2011,2010,10821,5,nests,vhr,<strong>Lynch  H. J. and M. A. LaRue  </strong><i> 2014</i>. First global census of the Ad&#233;lie Penguin. The Auk 131:457-466.
Wideopen Islands,WIDE,48.1,-55.84919999999998,-63.004199999999415,ad{\'e}lie penguin,,,1960,1960,100,3,nests,ground,<strong>Croxall  J. P. and E. D. Kirkwood  </strong><i> 1979</i>. The distribution of penguins on the Antarctic Penninulsa and islands of the Scotia Sea. British Antarctic Survey  Cambridge  United Kingdom.
Winkle Island (two islets next to Winkle Island),WINK,48.1,-65.68599999999999,-65.51999999999973,ad{\'e}lie penguin,7,1,2013,2012,32,1,nests,ground,<strong>Casanovas  P.  R. Naveen  S. Forrest  J. Poncet  and H. J. Lynch  </strong><i> 2015</i>. A comprehensive coastal seabird survey maps out the front lines of ecological change on the western Antarctic Peninsula. Polar Biology 38:927-940.
Wood Bay,WOOD,88.1,165.13319999999996,-74.32989999999997,ad{\'e}lie penguin,27,1,2011,2010,2292,5,nests,vhr,<strong>Lynch  H. J. and M. A. LaRue  </strong><i> 2014</i>. First global census of the Ad&#233;lie Penguin. The Auk 131:457-466.
Worley Point,WOPT,88.2,-132.77699999999996,-74.40569999999998,ad{\'e}lie penguin,28,12,2010,2010,10481,5,nests,vhr,<strong>Lynch  H. J. and M. A. LaRue  </strong><i> 2014</i>. First global census of the Ad&#233;lie Penguin. The Auk 131:457-466.
Watson Peninsula (east coast),WPEC,48.2,-44.54359999999999,-60.67609999999887,ad{\'e}lie penguin,25,2,2011,2010,4653,5,nests,vhr,<strong>Lynch  H. J. and M. A. LaRue  </strong><i> 2014</i>. First global census of the Ad&#233;lie Penguin. The Auk 131:457-466.
Wyatt Earp Islands,WYAT,58.4.2,78.53849999999998,-68.35689999999988,ad{\'e}lie penguin,14,12,2011,2011,1028,5,nests,vhr,<strong>Lynch  H. J. and M. A. LaRue  </strong><i> 2014</i>. First global census of the Ad&#233;lie Penguin. The Auk 131:457-466.
Yalour Islands,YALO,48.1,-64.15639999999999,-65.23889999999969,ad{\'e}lie penguin,24,1,2016,2015,3541,1,chicks,ground,<strong>Lynch  H. J.  </strong><i> ????a</i>. Antarctic Site Inventory. dataset.
Young Island,YOUN,88.1,162.39999999999995,-66.4166999999998,ad{\'e}lie penguin,,,2002,2002,,,nests,,<strong>Ainley  D. G.  </strong><i> 2002</i>. The Ad&#233;lie penguin: Bellwether of climate change. Columbia University Press  New York  United States. 
Ytrehovdeholmen,YTRE,58.4.2,39.433299999999996,-69.21669999999992,ad{\'e}lie penguin,,,2004,2004,102,1,adults,ground,<strong>Kato  A.  and Y. Ropert-Coudert </strong><i> 2006</i>. Rapid increase in Ad&#233;lie penguin populations in the L&#252tzow-Holm Bay area since the mid 1990s.  Polar Bioscience 20: 55-62.
